"Adrift_id","DateTime","Ship","Pacific_white_sided_Dolphin","Sperm_Whale","Month"
"ADRIFT_020",2022-06-21 16:00:00,0,1,0,6
"ADRIFT_020",2022-06-21 17:00:00,0,1,0,6
"ADRIFT_020",2022-06-21 17:00:00,0,1,0,6
"ADRIFT_020",2022-06-21 18:00:00,0,1,0,6
"ADRIFT_020",2022-06-21 18:00:00,0,1,0,6
"ADRIFT_020",2022-06-21 19:00:00,0,1,0,6
"ADRIFT_020",2022-06-21 20:00:00,1,1,0,6
"ADRIFT_020",2022-06-21 20:00:00,1,1,0,6
"ADRIFT_020",2022-06-21 21:00:00,1,0,0,6
"ADRIFT_020",2022-06-21 22:00:00,0,0,0,6
"ADRIFT_020",2022-06-21 23:00:00,1,0,0,6
"ADRIFT_020",2022-06-22 00:00:00,0,0,0,6
"ADRIFT_020",2022-06-22 01:00:00,0,0,0,6
"ADRIFT_020",2022-06-22 02:00:00,1,1,0,6
"ADRIFT_020",2022-06-22 03:00:00,1,1,0,6
"ADRIFT_020",2022-06-22 04:00:00,0,0,0,6
"ADRIFT_020",2022-06-22 05:00:00,1,1,0,6
"ADRIFT_020",2022-06-22 06:00:00,0,1,0,6
"ADRIFT_020",2022-06-22 06:00:00,0,1,0,6
"ADRIFT_020",2022-06-22 07:00:00,0,1,0,6
"ADRIFT_020",2022-06-22 08:00:00,1,1,0,6
"ADRIFT_020",2022-06-22 08:00:00,1,1,0,6
"ADRIFT_020",2022-06-22 09:00:00,0,1,0,6
"ADRIFT_020",2022-06-22 10:00:00,0,1,0,6
"ADRIFT_020",2022-06-22 11:00:00,0,1,0,6
"ADRIFT_020",2022-06-22 12:00:00,0,0,0,6
"ADRIFT_020",2022-06-22 13:00:00,0,0,0,6
"ADRIFT_020",2022-06-22 14:00:00,0,0,0,6
"ADRIFT_020",2022-06-22 15:00:00,0,0,0,6
"ADRIFT_020",2022-06-22 16:00:00,0,0,0,6
"ADRIFT_020",2022-06-22 17:00:00,0,0,0,6
"ADRIFT_020",2022-06-22 18:00:00,0,0,0,6
"ADRIFT_020",2022-06-22 19:00:00,0,0,0,6
"ADRIFT_020",2022-06-22 20:00:00,0,0,0,6
"ADRIFT_020",2022-06-22 21:00:00,0,0,0,6
"ADRIFT_020",2022-06-22 22:00:00,0,0,0,6
"ADRIFT_020",2022-06-22 23:00:00,0,0,0,6
"ADRIFT_020",2022-06-23 00:00:00,0,0,0,6
"ADRIFT_020",2022-06-23 01:00:00,0,1,0,6
"ADRIFT_020",2022-06-23 02:00:00,0,0,0,6
"ADRIFT_020",2022-06-23 03:00:00,0,0,0,6
"ADRIFT_020",2022-06-23 04:00:00,0,1,0,6
"ADRIFT_020",2022-06-23 05:00:00,0,1,0,6
"ADRIFT_020",2022-06-23 06:00:00,0,0,0,6
"ADRIFT_020",2022-06-23 07:00:00,0,0,0,6
"ADRIFT_020",2022-06-23 08:00:00,1,1,0,6
"ADRIFT_020",2022-06-23 09:00:00,1,0,0,6
"ADRIFT_020",2022-06-23 10:00:00,0,0,0,6
"ADRIFT_020",2022-06-23 11:00:00,1,1,0,6
"ADRIFT_020",2022-06-23 11:00:00,1,1,0,6
"ADRIFT_020",2022-06-23 12:00:00,1,1,0,6
"ADRIFT_020",2022-06-23 13:00:00,0,1,0,6
"ADRIFT_020",2022-06-23 14:00:00,0,0,0,6
"ADRIFT_020",2022-06-23 15:00:00,0,1,0,6
"ADRIFT_020",2022-06-23 16:00:00,0,1,0,6
"ADRIFT_020",2022-06-23 17:00:00,0,0,0,6
"ADRIFT_020",2022-06-23 18:00:00,0,0,0,6
"ADRIFT_020",2022-06-23 19:00:00,0,0,0,6
"ADRIFT_020",2022-06-23 20:00:00,0,1,0,6
"ADRIFT_020",2022-06-23 21:00:00,0,0,0,6
"ADRIFT_020",2022-06-23 22:00:00,0,0,0,6
"ADRIFT_020",2022-06-23 23:00:00,0,1,0,6
"ADRIFT_020",2022-06-23 23:00:00,0,1,0,6
"ADRIFT_020",2022-06-24 00:00:00,0,0,0,6
"ADRIFT_020",2022-06-24 01:00:00,0,1,0,6
"ADRIFT_020",2022-06-24 02:00:00,0,1,0,6
"ADRIFT_020",2022-06-24 03:00:00,0,0,0,6
"ADRIFT_020",2022-06-24 04:00:00,0,0,0,6
"ADRIFT_020",2022-06-24 05:00:00,0,1,0,6
"ADRIFT_020",2022-06-24 06:00:00,0,1,0,6
"ADRIFT_020",2022-06-24 07:00:00,0,0,0,6
"ADRIFT_020",2022-06-24 08:00:00,0,0,0,6
"ADRIFT_020",2022-06-24 09:00:00,0,0,0,6
"ADRIFT_020",2022-06-24 10:00:00,0,0,1,6
"ADRIFT_020",2022-06-24 11:00:00,0,1,1,6
"ADRIFT_020",2022-06-24 12:00:00,0,1,1,6
"ADRIFT_020",2022-06-24 13:00:00,0,0,1,6
"ADRIFT_020",2022-06-24 14:00:00,0,0,1,6
"ADRIFT_020",2022-06-24 15:00:00,0,0,1,6
"ADRIFT_020",2022-06-24 16:00:00,1,0,1,6
"ADRIFT_020",2022-06-24 17:00:00,1,0,0,6
"ADRIFT_020",2022-06-24 18:00:00,0,0,0,6
"ADRIFT_020",2022-06-24 19:00:00,0,0,0,6
"ADRIFT_020",2022-06-24 20:00:00,0,1,0,6
"ADRIFT_020",2022-06-24 21:00:00,0,1,0,6
"ADRIFT_020",2022-06-24 22:00:00,0,0,0,6
"ADRIFT_020",2022-06-24 23:00:00,0,0,0,6
"ADRIFT_020",2022-06-25 00:00:00,0,0,0,6
"ADRIFT_020",2022-06-25 01:00:00,0,0,0,6
"ADRIFT_020",2022-06-25 02:00:00,0,0,0,6
"ADRIFT_020",2022-06-25 03:00:00,0,0,0,6
"ADRIFT_020",2022-06-25 04:00:00,0,0,0,6
"ADRIFT_020",2022-06-25 05:00:00,0,0,0,6
"ADRIFT_020",2022-06-25 06:00:00,0,1,0,6
"ADRIFT_020",2022-06-25 07:00:00,0,1,0,6
"ADRIFT_020",2022-06-25 08:00:00,0,1,0,6
"ADRIFT_020",2022-06-25 09:00:00,0,1,0,6
"ADRIFT_020",2022-06-25 10:00:00,0,1,0,6
"ADRIFT_020",2022-06-25 11:00:00,0,1,0,6
"ADRIFT_020",2022-06-25 12:00:00,1,0,0,6
"ADRIFT_020",2022-06-25 13:00:00,0,0,0,6
"ADRIFT_020",2022-06-25 14:00:00,0,1,0,6
"ADRIFT_020",2022-06-25 15:00:00,0,1,0,6
"ADRIFT_020",2022-06-25 16:00:00,0,1,0,6
"ADRIFT_020",2022-06-25 17:00:00,1,0,0,6
"ADRIFT_020",2022-06-25 18:00:00,1,0,0,6
"ADRIFT_021",2022-06-21 17:00:00,0,0,0,6
"ADRIFT_021",2022-06-21 18:00:00,1,0,0,6
"ADRIFT_021",2022-06-21 19:00:00,1,1,0,6
"ADRIFT_021",2022-06-21 20:00:00,1,1,0,6
"ADRIFT_021",2022-06-21 20:00:00,1,1,0,6
"ADRIFT_021",2022-06-21 21:00:00,1,1,0,6
"ADRIFT_021",2022-06-21 22:00:00,0,1,0,6
"ADRIFT_021",2022-06-21 23:00:00,0,0,0,6
"ADRIFT_021",2022-06-22 00:00:00,0,0,0,6
"ADRIFT_021",2022-06-22 01:00:00,0,0,0,6
"ADRIFT_021",2022-06-22 02:00:00,0,0,0,6
"ADRIFT_021",2022-06-22 03:00:00,0,0,0,6
"ADRIFT_021",2022-06-22 04:00:00,0,0,0,6
"ADRIFT_021",2022-06-22 05:00:00,0,0,0,6
"ADRIFT_021",2022-06-22 06:00:00,0,1,0,6
"ADRIFT_021",2022-06-22 07:00:00,0,1,0,6
"ADRIFT_021",2022-06-22 08:00:00,0,1,0,6
"ADRIFT_021",2022-06-22 09:00:00,0,0,0,6
"ADRIFT_021",2022-06-22 10:00:00,0,0,0,6
"ADRIFT_021",2022-06-22 11:00:00,0,1,0,6
"ADRIFT_021",2022-06-22 12:00:00,0,0,0,6
"ADRIFT_021",2022-06-22 13:00:00,0,1,0,6
"ADRIFT_021",2022-06-22 14:00:00,0,1,0,6
"ADRIFT_021",2022-06-22 15:00:00,1,0,0,6
"ADRIFT_021",2022-06-22 16:00:00,0,0,0,6
"ADRIFT_021",2022-06-22 17:00:00,0,0,0,6
"ADRIFT_021",2022-06-22 18:00:00,0,0,0,6
"ADRIFT_021",2022-06-22 19:00:00,0,0,0,6
"ADRIFT_021",2022-06-22 20:00:00,0,1,0,6
"ADRIFT_021",2022-06-22 21:00:00,0,0,0,6
"ADRIFT_021",2022-06-22 22:00:00,0,0,0,6
"ADRIFT_021",2022-06-22 23:00:00,0,0,0,6
"ADRIFT_021",2022-06-23 00:00:00,1,0,0,6
"ADRIFT_021",2022-06-23 00:00:00,1,0,0,6
"ADRIFT_021",2022-06-23 01:00:00,0,0,0,6
"ADRIFT_021",2022-06-23 02:00:00,0,0,0,6
"ADRIFT_021",2022-06-23 03:00:00,0,1,0,6
"ADRIFT_021",2022-06-23 04:00:00,0,0,0,6
"ADRIFT_021",2022-06-23 05:00:00,0,0,0,6
"ADRIFT_021",2022-06-23 06:00:00,0,0,0,6
"ADRIFT_021",2022-06-23 07:00:00,0,0,0,6
"ADRIFT_021",2022-06-23 08:00:00,0,0,0,6
"ADRIFT_021",2022-06-23 09:00:00,1,1,0,6
"ADRIFT_021",2022-06-23 10:00:00,1,1,0,6
"ADRIFT_021",2022-06-23 11:00:00,0,1,0,6
"ADRIFT_021",2022-06-23 12:00:00,0,1,0,6
"ADRIFT_021",2022-06-23 13:00:00,0,0,0,6
"ADRIFT_021",2022-06-23 14:00:00,0,0,0,6
"ADRIFT_021",2022-06-23 15:00:00,0,0,0,6
"ADRIFT_021",2022-06-23 16:00:00,0,0,0,6
"ADRIFT_021",2022-06-23 17:00:00,0,0,0,6
"ADRIFT_021",2022-06-23 18:00:00,0,0,0,6
"ADRIFT_021",2022-06-23 19:00:00,0,0,0,6
"ADRIFT_021",2022-06-23 20:00:00,0,0,0,6
"ADRIFT_021",2022-06-23 21:00:00,0,0,0,6
"ADRIFT_021",2022-06-23 22:00:00,0,0,0,6
"ADRIFT_021",2022-06-23 23:00:00,0,0,0,6
"ADRIFT_021",2022-06-24 00:00:00,0,0,0,6
"ADRIFT_021",2022-06-24 01:00:00,0,0,0,6
"ADRIFT_021",2022-06-24 02:00:00,0,0,0,6
"ADRIFT_021",2022-06-24 03:00:00,0,0,0,6
"ADRIFT_021",2022-06-24 04:00:00,0,0,0,6
"ADRIFT_021",2022-06-24 05:00:00,0,0,0,6
"ADRIFT_021",2022-06-24 06:00:00,0,0,0,6
"ADRIFT_021",2022-06-24 07:00:00,0,0,0,6
"ADRIFT_021",2022-06-24 08:00:00,0,1,0,6
"ADRIFT_021",2022-06-24 09:00:00,0,1,0,6
"ADRIFT_021",2022-06-24 10:00:00,0,0,1,6
"ADRIFT_021",2022-06-24 11:00:00,0,1,1,6
"ADRIFT_021",2022-06-24 12:00:00,0,0,1,6
"ADRIFT_021",2022-06-24 13:00:00,0,0,1,6
"ADRIFT_021",2022-06-24 14:00:00,0,0,1,6
"ADRIFT_021",2022-06-24 15:00:00,0,0,1,6
"ADRIFT_021",2022-06-24 16:00:00,0,0,1,6
"ADRIFT_021",2022-06-24 17:00:00,0,0,1,6
"ADRIFT_021",2022-06-24 18:00:00,0,0,1,6
"ADRIFT_021",2022-06-24 19:00:00,0,0,0,6
"ADRIFT_021",2022-06-24 20:00:00,0,0,0,6
"ADRIFT_021",2022-06-24 21:00:00,0,0,0,6
"ADRIFT_021",2022-06-24 22:00:00,0,0,0,6
"ADRIFT_021",2022-06-24 23:00:00,0,0,0,6
"ADRIFT_021",2022-06-25 00:00:00,0,0,0,6
"ADRIFT_021",2022-06-25 01:00:00,0,0,0,6
"ADRIFT_021",2022-06-25 02:00:00,0,0,0,6
"ADRIFT_021",2022-06-25 03:00:00,0,0,0,6
"ADRIFT_021",2022-06-25 04:00:00,0,0,0,6
"ADRIFT_021",2022-06-25 05:00:00,0,0,0,6
"ADRIFT_021",2022-06-25 06:00:00,0,0,0,6
"ADRIFT_021",2022-06-25 07:00:00,0,1,0,6
"ADRIFT_021",2022-06-25 08:00:00,0,0,0,6
"ADRIFT_021",2022-06-25 09:00:00,0,0,0,6
"ADRIFT_021",2022-06-25 10:00:00,0,0,0,6
"ADRIFT_021",2022-06-25 11:00:00,0,0,0,6
"ADRIFT_021",2022-06-25 12:00:00,0,0,0,6
"ADRIFT_021",2022-06-25 13:00:00,0,0,0,6
"ADRIFT_021",2022-06-25 14:00:00,0,0,0,6
"ADRIFT_021",2022-06-25 15:00:00,0,0,0,6
"ADRIFT_021",2022-06-25 16:00:00,0,0,0,6
"ADRIFT_021",2022-06-25 17:00:00,0,1,0,6
"ADRIFT_021",2022-06-25 18:00:00,0,0,0,6
"ADRIFT_022",2022-06-21 17:00:00,0,0,0,6
"ADRIFT_022",2022-06-21 18:00:00,0,0,0,6
"ADRIFT_022",2022-06-21 19:00:00,0,0,0,6
"ADRIFT_022",2022-06-21 20:00:00,0,0,0,6
"ADRIFT_022",2022-06-21 21:00:00,0,0,0,6
"ADRIFT_022",2022-06-21 22:00:00,0,0,0,6
"ADRIFT_022",2022-06-21 23:00:00,0,0,0,6
"ADRIFT_022",2022-06-22 00:00:00,0,0,0,6
"ADRIFT_022",2022-06-22 01:00:00,0,0,0,6
"ADRIFT_022",2022-06-22 02:00:00,0,0,0,6
"ADRIFT_022",2022-06-22 03:00:00,0,0,0,6
"ADRIFT_022",2022-06-22 04:00:00,0,0,0,6
"ADRIFT_022",2022-06-22 05:00:00,0,0,0,6
"ADRIFT_022",2022-06-22 06:00:00,0,1,0,6
"ADRIFT_022",2022-06-22 07:00:00,0,1,0,6
"ADRIFT_022",2022-06-22 08:00:00,0,1,0,6
"ADRIFT_022",2022-06-22 09:00:00,0,1,0,6
"ADRIFT_022",2022-06-22 10:00:00,0,0,0,6
"ADRIFT_022",2022-06-22 11:00:00,0,1,0,6
"ADRIFT_022",2022-06-22 12:00:00,0,0,0,6
"ADRIFT_022",2022-06-22 13:00:00,0,1,0,6
"ADRIFT_022",2022-06-22 14:00:00,0,1,0,6
"ADRIFT_022",2022-06-22 15:00:00,0,0,0,6
"ADRIFT_022",2022-06-22 16:00:00,0,0,0,6
"ADRIFT_022",2022-06-22 17:00:00,0,0,0,6
"ADRIFT_022",2022-06-22 18:00:00,0,1,0,6
"ADRIFT_022",2022-06-22 19:00:00,0,0,0,6
"ADRIFT_022",2022-06-22 20:00:00,0,1,0,6
"ADRIFT_022",2022-06-22 21:00:00,0,1,0,6
"ADRIFT_022",2022-06-22 22:00:00,0,1,0,6
"ADRIFT_022",2022-06-22 23:00:00,0,0,0,6
"ADRIFT_022",2022-06-23 00:00:00,0,0,0,6
"ADRIFT_022",2022-06-23 01:00:00,0,0,0,6
"ADRIFT_022",2022-06-23 02:00:00,0,0,0,6
"ADRIFT_022",2022-06-23 03:00:00,0,0,0,6
"ADRIFT_022",2022-06-23 04:00:00,0,0,0,6
"ADRIFT_022",2022-06-23 05:00:00,0,0,0,6
"ADRIFT_022",2022-06-23 06:00:00,0,0,0,6
"ADRIFT_022",2022-06-23 07:00:00,0,0,0,6
"ADRIFT_022",2022-06-23 08:00:00,0,0,0,6
"ADRIFT_022",2022-06-23 09:00:00,0,0,0,6
"ADRIFT_022",2022-06-23 10:00:00,0,1,0,6
"ADRIFT_022",2022-06-23 11:00:00,0,1,0,6
"ADRIFT_022",2022-06-23 12:00:00,0,1,0,6
"ADRIFT_022",2022-06-23 13:00:00,0,1,0,6
"ADRIFT_022",2022-06-23 14:00:00,0,0,0,6
"ADRIFT_022",2022-06-23 15:00:00,0,1,0,6
"ADRIFT_022",2022-06-23 16:00:00,0,1,0,6
"ADRIFT_022",2022-06-23 17:00:00,0,0,0,6
"ADRIFT_022",2022-06-23 18:00:00,0,1,0,6
"ADRIFT_022",2022-06-23 19:00:00,0,1,0,6
"ADRIFT_022",2022-06-23 20:00:00,0,0,0,6
"ADRIFT_022",2022-06-23 21:00:00,0,0,0,6
"ADRIFT_022",2022-06-23 22:00:00,0,0,0,6
"ADRIFT_022",2022-06-23 23:00:00,0,0,0,6
"ADRIFT_022",2022-06-24 00:00:00,0,0,0,6
"ADRIFT_022",2022-06-24 01:00:00,0,1,0,6
"ADRIFT_022",2022-06-24 02:00:00,0,1,0,6
"ADRIFT_022",2022-06-24 03:00:00,0,1,0,6
"ADRIFT_022",2022-06-24 04:00:00,0,1,0,6
"ADRIFT_022",2022-06-24 05:00:00,0,1,0,6
"ADRIFT_022",2022-06-24 06:00:00,0,1,0,6
"ADRIFT_022",2022-06-24 07:00:00,0,1,0,6
"ADRIFT_022",2022-06-24 08:00:00,0,1,0,6
"ADRIFT_022",2022-06-24 09:00:00,0,1,0,6
"ADRIFT_022",2022-06-24 10:00:00,0,1,0,6
"ADRIFT_022",2022-06-24 11:00:00,0,1,0,6
"ADRIFT_022",2022-06-24 12:00:00,0,0,0,6
"ADRIFT_022",2022-06-24 13:00:00,0,0,0,6
"ADRIFT_022",2022-06-24 14:00:00,0,0,0,6
"ADRIFT_022",2022-06-24 15:00:00,0,0,0,6
"ADRIFT_022",2022-06-24 16:00:00,0,0,0,6
"ADRIFT_022",2022-06-24 17:00:00,0,0,0,6
"ADRIFT_022",2022-06-24 18:00:00,0,0,0,6
"ADRIFT_022",2022-06-24 19:00:00,0,1,0,6
"ADRIFT_022",2022-06-24 20:00:00,0,0,0,6
"ADRIFT_022",2022-06-24 21:00:00,0,0,0,6
"ADRIFT_022",2022-06-24 22:00:00,0,0,0,6
"ADRIFT_022",2022-06-24 23:00:00,0,0,0,6
"ADRIFT_022",2022-06-25 00:00:00,0,0,0,6
"ADRIFT_022",2022-06-25 01:00:00,0,0,0,6
"ADRIFT_022",2022-06-25 02:00:00,0,0,0,6
"ADRIFT_022",2022-06-25 03:00:00,0,0,0,6
"ADRIFT_022",2022-06-25 04:00:00,0,1,0,6
"ADRIFT_022",2022-06-25 05:00:00,0,0,0,6
"ADRIFT_022",2022-06-25 06:00:00,0,1,0,6
"ADRIFT_022",2022-06-25 07:00:00,0,1,0,6
"ADRIFT_022",2022-06-25 08:00:00,0,1,0,6
"ADRIFT_022",2022-06-25 09:00:00,0,1,0,6
"ADRIFT_022",2022-06-25 10:00:00,0,1,0,6
"ADRIFT_022",2022-06-25 11:00:00,0,1,0,6
"ADRIFT_022",2022-06-25 12:00:00,0,0,0,6
"ADRIFT_022",2022-06-25 13:00:00,0,0,0,6
"ADRIFT_022",2022-06-25 14:00:00,0,0,0,6
"ADRIFT_022",2022-06-25 15:00:00,0,0,0,6
"ADRIFT_022",2022-06-25 16:00:00,0,0,0,6
"ADRIFT_023",2022-06-21 19:00:00,0,0,0,6
"ADRIFT_023",2022-06-21 20:00:00,0,0,0,6
"ADRIFT_023",2022-06-21 21:00:00,0,0,0,6
"ADRIFT_023",2022-06-21 22:00:00,0,1,0,6
"ADRIFT_023",2022-06-21 23:00:00,0,1,0,6
"ADRIFT_023",2022-06-22 00:00:00,1,0,0,6
"ADRIFT_023",2022-06-22 01:00:00,1,1,0,6
"ADRIFT_023",2022-06-22 02:00:00,1,0,0,6
"ADRIFT_023",2022-06-22 03:00:00,1,0,0,6
"ADRIFT_023",2022-06-22 04:00:00,0,0,0,6
"ADRIFT_023",2022-06-22 05:00:00,0,1,0,6
"ADRIFT_023",2022-06-22 06:00:00,0,1,0,6
"ADRIFT_023",2022-06-22 07:00:00,0,1,0,6
"ADRIFT_023",2022-06-22 07:00:00,0,1,0,6
"ADRIFT_023",2022-06-22 08:00:00,0,1,0,6
"ADRIFT_023",2022-06-22 09:00:00,0,1,0,6
"ADRIFT_023",2022-06-22 10:00:00,0,1,0,6
"ADRIFT_023",2022-06-22 10:00:00,0,1,0,6
"ADRIFT_023",2022-06-22 11:00:00,0,1,0,6
"ADRIFT_023",2022-06-22 12:00:00,0,1,0,6
"ADRIFT_023",2022-06-22 13:00:00,0,0,0,6
"ADRIFT_023",2022-06-22 14:00:00,0,0,0,6
"ADRIFT_023",2022-06-22 15:00:00,0,0,0,6
"ADRIFT_023",2022-06-22 16:00:00,0,1,0,6
"ADRIFT_023",2022-06-22 17:00:00,0,1,0,6
"ADRIFT_023",2022-06-22 18:00:00,0,1,0,6
"ADRIFT_023",2022-06-22 19:00:00,0,1,0,6
"ADRIFT_023",2022-06-22 20:00:00,0,1,0,6
"ADRIFT_023",2022-06-22 21:00:00,0,0,0,6
"ADRIFT_023",2022-06-22 22:00:00,0,0,0,6
"ADRIFT_023",2022-06-22 23:00:00,0,0,0,6
"ADRIFT_023",2022-06-23 00:00:00,0,0,0,6
"ADRIFT_023",2022-06-23 01:00:00,0,0,0,6
"ADRIFT_023",2022-06-23 02:00:00,0,0,0,6
"ADRIFT_023",2022-06-23 03:00:00,1,0,0,6
"ADRIFT_023",2022-06-23 04:00:00,0,1,0,6
"ADRIFT_023",2022-06-23 05:00:00,0,1,0,6
"ADRIFT_023",2022-06-23 06:00:00,0,1,0,6
"ADRIFT_023",2022-06-23 07:00:00,0,1,0,6
"ADRIFT_023",2022-06-23 08:00:00,1,1,0,6
"ADRIFT_023",2022-06-23 09:00:00,1,1,0,6
"ADRIFT_023",2022-06-23 10:00:00,0,1,0,6
"ADRIFT_023",2022-06-23 11:00:00,1,1,0,6
"ADRIFT_023",2022-06-23 12:00:00,1,1,0,6
"ADRIFT_023",2022-06-23 13:00:00,0,1,0,6
"ADRIFT_023",2022-06-23 14:00:00,0,1,0,6
"ADRIFT_023",2022-06-23 15:00:00,0,0,0,6
"ADRIFT_023",2022-06-23 16:00:00,0,0,0,6
"ADRIFT_023",2022-06-23 17:00:00,0,0,0,6
"ADRIFT_023",2022-06-23 18:00:00,0,0,0,6
"ADRIFT_023",2022-06-23 19:00:00,0,0,0,6
"ADRIFT_023",2022-06-23 20:00:00,0,0,0,6
"ADRIFT_023",2022-06-23 21:00:00,0,0,0,6
"ADRIFT_023",2022-06-23 22:00:00,0,0,0,6
"ADRIFT_023",2022-06-23 23:00:00,0,0,0,6
"ADRIFT_023",2022-06-24 00:00:00,0,0,0,6
"ADRIFT_023",2022-06-24 01:00:00,0,1,0,6
"ADRIFT_023",2022-06-24 02:00:00,0,0,0,6
"ADRIFT_023",2022-06-24 03:00:00,0,0,0,6
"ADRIFT_023",2022-06-24 04:00:00,0,1,0,6
"ADRIFT_023",2022-06-24 05:00:00,0,1,0,6
"ADRIFT_023",2022-06-24 06:00:00,0,1,0,6
"ADRIFT_023",2022-06-24 07:00:00,0,0,0,6
"ADRIFT_023",2022-06-24 08:00:00,0,1,0,6
"ADRIFT_023",2022-06-24 09:00:00,0,1,0,6
"ADRIFT_023",2022-06-24 10:00:00,0,1,0,6
"ADRIFT_023",2022-06-24 11:00:00,0,0,0,6
"ADRIFT_023",2022-06-24 12:00:00,0,1,0,6
"ADRIFT_023",2022-06-24 13:00:00,0,1,0,6
"ADRIFT_023",2022-06-24 14:00:00,0,1,0,6
"ADRIFT_023",2022-06-24 15:00:00,0,1,0,6
"ADRIFT_023",2022-06-24 16:00:00,0,0,0,6
"ADRIFT_023",2022-06-24 17:00:00,0,0,0,6
"ADRIFT_023",2022-06-24 18:00:00,0,0,1,6
"ADRIFT_023",2022-06-24 19:00:00,0,1,1,6
"ADRIFT_023",2022-06-24 20:00:00,0,1,1,6
"ADRIFT_023",2022-06-24 21:00:00,0,0,0,6
"ADRIFT_023",2022-06-24 22:00:00,0,0,0,6
"ADRIFT_023",2022-06-24 23:00:00,0,0,0,6
"ADRIFT_023",2022-06-25 00:00:00,0,0,0,6
"ADRIFT_023",2022-06-25 01:00:00,0,0,0,6
"ADRIFT_023",2022-06-25 02:00:00,0,0,0,6
"ADRIFT_023",2022-06-25 03:00:00,0,0,0,6
"ADRIFT_023",2022-06-25 04:00:00,0,1,0,6
"ADRIFT_023",2022-06-25 05:00:00,0,1,0,6
"ADRIFT_023",2022-06-25 06:00:00,0,0,0,6
"ADRIFT_023",2022-06-25 07:00:00,0,1,0,6
"ADRIFT_023",2022-06-25 08:00:00,0,1,0,6
"ADRIFT_023",2022-06-25 09:00:00,0,0,0,6
"ADRIFT_023",2022-06-25 10:00:00,0,1,0,6
"ADRIFT_023",2022-06-25 11:00:00,0,1,0,6
"ADRIFT_023",2022-06-25 12:00:00,0,1,0,6
"ADRIFT_023",2022-06-25 13:00:00,0,1,0,6
"ADRIFT_023",2022-06-25 14:00:00,0,1,0,6
"ADRIFT_023",2022-06-25 15:00:00,0,0,0,6
"ADRIFT_023",2022-06-25 16:00:00,0,1,0,6
"ADRIFT_023",2022-06-25 17:00:00,0,1,0,6
"ADRIFT_023",2022-06-25 18:00:00,0,0,0,6
"ADRIFT_023",2022-06-25 19:00:00,0,1,0,6
"ADRIFT_023",2022-06-25 20:00:00,0,0,0,6
"ADRIFT_023",2022-06-25 21:00:00,0,0,0,6
"ADRIFT_024",2022-06-21 19:00:00,0,0,0,6
"ADRIFT_024",2022-06-21 20:00:00,0,0,0,6
"ADRIFT_024",2022-06-21 21:00:00,1,0,0,6
"ADRIFT_024",2022-06-21 22:00:00,1,0,0,6
"ADRIFT_024",2022-06-21 23:00:00,1,0,0,6
"ADRIFT_024",2022-06-22 00:00:00,0,0,0,6
"ADRIFT_024",2022-06-22 01:00:00,0,0,0,6
"ADRIFT_024",2022-06-22 02:00:00,1,0,0,6
"ADRIFT_024",2022-06-22 03:00:00,1,0,0,6
"ADRIFT_024",2022-06-22 04:00:00,1,1,0,6
"ADRIFT_024",2022-06-22 05:00:00,0,1,0,6
"ADRIFT_024",2022-06-22 06:00:00,0,1,0,6
"ADRIFT_024",2022-06-22 07:00:00,1,1,0,6
"ADRIFT_024",2022-06-22 07:00:00,1,1,0,6
"ADRIFT_024",2022-06-22 08:00:00,0,1,0,6
"ADRIFT_024",2022-06-22 09:00:00,0,0,0,6
"ADRIFT_024",2022-06-22 10:00:00,0,0,0,6
"ADRIFT_024",2022-06-22 11:00:00,0,0,0,6
"ADRIFT_024",2022-06-22 12:00:00,0,1,0,6
"ADRIFT_024",2022-06-22 13:00:00,0,0,0,6
"ADRIFT_024",2022-06-22 14:00:00,0,0,0,6
"ADRIFT_024",2022-06-22 15:00:00,1,0,0,6
"ADRIFT_024",2022-06-22 16:00:00,0,0,0,6
"ADRIFT_024",2022-06-22 17:00:00,0,0,0,6
"ADRIFT_024",2022-06-22 18:00:00,0,0,0,6
"ADRIFT_024",2022-06-22 19:00:00,0,0,0,6
"ADRIFT_024",2022-06-22 20:00:00,0,0,0,6
"ADRIFT_024",2022-06-22 21:00:00,0,0,0,6
"ADRIFT_024",2022-06-22 22:00:00,0,0,0,6
"ADRIFT_024",2022-06-22 23:00:00,0,1,0,6
"ADRIFT_024",2022-06-23 00:00:00,0,1,0,6
"ADRIFT_024",2022-06-23 01:00:00,0,1,0,6
"ADRIFT_024",2022-06-23 02:00:00,0,1,0,6
"ADRIFT_024",2022-06-23 03:00:00,1,0,0,6
"ADRIFT_024",2022-06-23 04:00:00,1,0,0,6
"ADRIFT_024",2022-06-23 05:00:00,0,0,0,6
"ADRIFT_024",2022-06-23 06:00:00,0,0,0,6
"ADRIFT_024",2022-06-23 07:00:00,0,0,0,6
"ADRIFT_024",2022-06-23 08:00:00,0,1,0,6
"ADRIFT_024",2022-06-23 09:00:00,1,1,0,6
"ADRIFT_024",2022-06-23 10:00:00,0,1,0,6
"ADRIFT_024",2022-06-23 11:00:00,1,1,0,6
"ADRIFT_024",2022-06-23 12:00:00,1,1,0,6
"ADRIFT_024",2022-06-23 13:00:00,0,1,0,6
"ADRIFT_024",2022-06-23 14:00:00,0,1,0,6
"ADRIFT_024",2022-06-23 15:00:00,0,1,0,6
"ADRIFT_024",2022-06-23 16:00:00,0,1,0,6
"ADRIFT_024",2022-06-23 17:00:00,0,1,0,6
"ADRIFT_024",2022-06-23 18:00:00,0,1,0,6
"ADRIFT_024",2022-06-23 19:00:00,0,0,0,6
"ADRIFT_024",2022-06-23 20:00:00,0,0,0,6
"ADRIFT_024",2022-06-23 21:00:00,0,1,0,6
"ADRIFT_024",2022-06-23 22:00:00,0,1,0,6
"ADRIFT_024",2022-06-23 23:00:00,0,0,0,6
"ADRIFT_024",2022-06-24 00:00:00,0,1,0,6
"ADRIFT_024",2022-06-24 01:00:00,0,1,0,6
"ADRIFT_024",2022-06-24 02:00:00,0,1,0,6
"ADRIFT_024",2022-06-24 03:00:00,0,1,0,6
"ADRIFT_024",2022-06-24 04:00:00,0,1,0,6
"ADRIFT_024",2022-06-24 05:00:00,0,1,0,6
"ADRIFT_024",2022-06-24 06:00:00,0,1,0,6
"ADRIFT_024",2022-06-24 07:00:00,0,0,0,6
"ADRIFT_024",2022-06-24 08:00:00,0,1,0,6
"ADRIFT_024",2022-06-24 09:00:00,0,1,0,6
"ADRIFT_024",2022-06-24 10:00:00,0,1,0,6
"ADRIFT_024",2022-06-24 11:00:00,0,0,0,6
"ADRIFT_024",2022-06-24 12:00:00,0,0,0,6
"ADRIFT_024",2022-06-24 13:00:00,0,0,0,6
"ADRIFT_024",2022-06-24 14:00:00,0,0,0,6
"ADRIFT_024",2022-06-24 15:00:00,0,0,1,6
"ADRIFT_024",2022-06-24 16:00:00,1,1,0,6
"ADRIFT_024",2022-06-24 17:00:00,0,1,0,6
"ADRIFT_024",2022-06-24 18:00:00,0,0,0,6
"ADRIFT_024",2022-06-24 19:00:00,0,0,0,6
"ADRIFT_024",2022-06-24 20:00:00,0,0,0,6
"ADRIFT_024",2022-06-24 21:00:00,0,0,0,6
"ADRIFT_024",2022-06-24 22:00:00,0,0,0,6
"ADRIFT_024",2022-06-24 23:00:00,0,1,0,6
"ADRIFT_024",2022-06-25 00:00:00,0,0,0,6
"ADRIFT_024",2022-06-25 01:00:00,0,0,0,6
"ADRIFT_024",2022-06-25 02:00:00,0,0,0,6
"ADRIFT_024",2022-06-25 03:00:00,1,0,0,6
"ADRIFT_024",2022-06-25 04:00:00,0,1,0,6
"ADRIFT_024",2022-06-25 05:00:00,1,1,0,6
"ADRIFT_024",2022-06-25 06:00:00,1,1,0,6
"ADRIFT_024",2022-06-25 07:00:00,0,1,0,6
"ADRIFT_024",2022-06-25 08:00:00,0,1,0,6
"ADRIFT_024",2022-06-25 08:00:00,0,1,0,6
"ADRIFT_024",2022-06-25 09:00:00,0,1,0,6
"ADRIFT_024",2022-06-25 10:00:00,0,1,0,6
"ADRIFT_024",2022-06-25 11:00:00,0,1,0,6
"ADRIFT_024",2022-06-25 11:00:00,0,1,0,6
"ADRIFT_024",2022-06-25 12:00:00,0,0,0,6
"ADRIFT_024",2022-06-25 13:00:00,0,0,0,6
"ADRIFT_024",2022-06-25 14:00:00,0,0,0,6
"ADRIFT_024",2022-06-25 15:00:00,0,0,0,6
"ADRIFT_024",2022-06-25 16:00:00,0,0,0,6
"ADRIFT_024",2022-06-25 17:00:00,1,0,0,6
"ADRIFT_024",2022-06-25 18:00:00,1,0,0,6
"ADRIFT_024",2022-06-25 19:00:00,1,0,0,6
"ADRIFT_024",2022-06-25 20:00:00,0,0,0,6
"ADRIFT_025",2022-06-21 19:00:00,0,0,0,6
"ADRIFT_025",2022-06-21 20:00:00,1,0,0,6
"ADRIFT_025",2022-06-21 21:00:00,1,0,0,6
"ADRIFT_025",2022-06-21 21:00:00,1,0,0,6
"ADRIFT_025",2022-06-21 22:00:00,1,1,0,6
"ADRIFT_025",2022-06-21 23:00:00,0,1,0,6
"ADRIFT_025",2022-06-22 00:00:00,0,1,0,6
"ADRIFT_025",2022-06-22 01:00:00,0,1,0,6
"ADRIFT_025",2022-06-22 02:00:00,1,0,0,6
"ADRIFT_025",2022-06-22 03:00:00,1,0,0,6
"ADRIFT_025",2022-06-22 04:00:00,0,1,0,6
"ADRIFT_025",2022-06-22 04:00:00,0,1,0,6
"ADRIFT_025",2022-06-22 05:00:00,0,1,0,6
"ADRIFT_025",2022-06-22 06:00:00,0,1,0,6
"ADRIFT_025",2022-06-22 07:00:00,0,1,0,6
"ADRIFT_025",2022-06-22 08:00:00,0,1,0,6
"ADRIFT_025",2022-06-22 09:00:00,0,0,0,6
"ADRIFT_025",2022-06-22 10:00:00,0,1,0,6
"ADRIFT_025",2022-06-22 11:00:00,0,1,0,6
"ADRIFT_025",2022-06-22 12:00:00,0,0,0,6
"ADRIFT_025",2022-06-22 13:00:00,0,1,0,6
"ADRIFT_025",2022-06-22 14:00:00,1,1,0,6
"ADRIFT_025",2022-06-22 15:00:00,1,1,0,6
"ADRIFT_025",2022-06-22 16:00:00,1,0,0,6
"ADRIFT_025",2022-06-22 17:00:00,0,0,0,6
"ADRIFT_025",2022-06-22 18:00:00,0,0,0,6
"ADRIFT_025",2022-06-22 19:00:00,0,0,0,6
"ADRIFT_025",2022-06-22 20:00:00,0,1,0,6
"ADRIFT_025",2022-06-22 21:00:00,0,1,0,6
"ADRIFT_025",2022-06-22 22:00:00,0,1,0,6
"ADRIFT_025",2022-06-22 23:00:00,1,0,0,6
"ADRIFT_025",2022-06-23 00:00:00,1,0,0,6
"ADRIFT_025",2022-06-23 01:00:00,0,0,0,6
"ADRIFT_025",2022-06-23 02:00:00,0,0,0,6
"ADRIFT_025",2022-06-23 03:00:00,0,1,0,6
"ADRIFT_025",2022-06-23 04:00:00,0,1,0,6
"ADRIFT_025",2022-06-23 05:00:00,0,0,0,6
"ADRIFT_025",2022-06-23 06:00:00,1,1,0,6
"ADRIFT_025",2022-06-23 07:00:00,1,1,0,6
"ADRIFT_025",2022-06-23 07:00:00,1,1,0,6
"ADRIFT_025",2022-06-23 08:00:00,1,0,0,6
"ADRIFT_025",2022-06-23 09:00:00,1,1,0,6
"ADRIFT_025",2022-06-23 10:00:00,1,1,0,6
"ADRIFT_025",2022-06-23 11:00:00,1,0,0,6
"ADRIFT_025",2022-06-23 12:00:00,0,1,0,6
"ADRIFT_025",2022-06-23 13:00:00,0,1,0,6
"ADRIFT_025",2022-06-23 14:00:00,0,0,0,6
"ADRIFT_025",2022-06-23 15:00:00,0,0,0,6
"ADRIFT_025",2022-06-23 16:00:00,0,1,0,6
"ADRIFT_025",2022-06-23 17:00:00,0,1,0,6
"ADRIFT_025",2022-06-23 18:00:00,0,1,0,6
"ADRIFT_025",2022-06-23 18:00:00,0,1,0,6
"ADRIFT_025",2022-06-23 19:00:00,0,1,0,6
"ADRIFT_025",2022-06-23 20:00:00,0,1,0,6
"ADRIFT_025",2022-06-23 21:00:00,0,1,0,6
"ADRIFT_025",2022-06-23 22:00:00,1,1,0,6
"ADRIFT_025",2022-06-23 23:00:00,0,1,0,6
"ADRIFT_025",2022-06-24 00:00:00,0,0,0,6
"ADRIFT_025",2022-06-24 01:00:00,0,0,0,6
"ADRIFT_025",2022-06-24 02:00:00,0,0,0,6
"ADRIFT_025",2022-06-24 03:00:00,0,0,0,6
"ADRIFT_025",2022-06-24 04:00:00,0,1,0,6
"ADRIFT_025",2022-06-24 05:00:00,0,1,1,6
"ADRIFT_025",2022-06-24 06:00:00,0,1,1,6
"ADRIFT_025",2022-06-24 07:00:00,0,1,1,6
"ADRIFT_025",2022-06-24 07:00:00,0,1,1,6
"ADRIFT_025",2022-06-24 08:00:00,0,1,1,6
"ADRIFT_025",2022-06-24 09:00:00,0,1,1,6
"ADRIFT_025",2022-06-24 10:00:00,0,0,1,6
"ADRIFT_025",2022-06-24 11:00:00,0,1,0,6
"ADRIFT_025",2022-06-24 12:00:00,0,1,0,6
"ADRIFT_025",2022-06-24 13:00:00,0,1,0,6
"ADRIFT_025",2022-06-24 14:00:00,0,0,0,6
"ADRIFT_025",2022-06-24 15:00:00,1,0,0,6
"ADRIFT_025",2022-06-24 15:00:00,1,0,0,6
"ADRIFT_025",2022-06-24 16:00:00,1,0,0,6
"ADRIFT_025",2022-06-24 17:00:00,0,0,0,6
"ADRIFT_025",2022-06-24 18:00:00,0,1,0,6
"ADRIFT_025",2022-06-24 19:00:00,0,0,0,6
"ADRIFT_025",2022-06-24 20:00:00,0,0,0,6
"ADRIFT_025",2022-06-24 21:00:00,0,0,0,6
"ADRIFT_025",2022-06-24 22:00:00,0,0,0,6
"ADRIFT_025",2022-06-24 23:00:00,0,0,0,6
"ADRIFT_025",2022-06-25 00:00:00,0,0,0,6
"ADRIFT_025",2022-06-25 01:00:00,0,0,0,6
"ADRIFT_025",2022-06-25 02:00:00,1,0,0,6
"ADRIFT_025",2022-06-25 03:00:00,1,0,0,6
"ADRIFT_025",2022-06-25 04:00:00,1,1,0,6
"ADRIFT_025",2022-06-25 05:00:00,1,0,0,6
"ADRIFT_025",2022-06-25 06:00:00,1,1,0,6
"ADRIFT_025",2022-06-25 07:00:00,0,1,0,6
"ADRIFT_025",2022-06-25 08:00:00,0,1,0,6
"ADRIFT_025",2022-06-25 09:00:00,0,1,0,6
"ADRIFT_025",2022-06-25 09:00:00,0,1,0,6
"ADRIFT_025",2022-06-25 10:00:00,0,1,0,6
"ADRIFT_025",2022-06-25 11:00:00,0,0,0,6
"ADRIFT_025",2022-06-25 12:00:00,0,1,0,6
"ADRIFT_025",2022-06-25 13:00:00,0,1,0,6
"ADRIFT_025",2022-06-25 14:00:00,0,0,0,6
"ADRIFT_025",2022-06-25 15:00:00,0,0,0,6
"ADRIFT_025",2022-06-25 16:00:00,1,0,0,6
"ADRIFT_025",2022-06-25 17:00:00,1,0,0,6
"ADRIFT_026",2022-06-21 20:00:00,0,0,0,6
"ADRIFT_026",2022-06-21 21:00:00,0,0,0,6
"ADRIFT_026",2022-06-21 22:00:00,0,0,0,6
"ADRIFT_026",2022-06-21 23:00:00,0,0,0,6
"ADRIFT_026",2022-06-22 00:00:00,0,0,0,6
"ADRIFT_026",2022-06-22 01:00:00,0,0,0,6
"ADRIFT_026",2022-06-22 02:00:00,0,0,0,6
"ADRIFT_026",2022-06-22 03:00:00,0,0,0,6
"ADRIFT_026",2022-06-22 04:00:00,0,0,0,6
"ADRIFT_026",2022-06-22 05:00:00,0,1,0,6
"ADRIFT_026",2022-06-22 06:00:00,0,1,0,6
"ADRIFT_026",2022-06-22 07:00:00,0,1,0,6
"ADRIFT_026",2022-06-22 07:00:00,0,1,0,6
"ADRIFT_026",2022-06-22 08:00:00,0,1,0,6
"ADRIFT_026",2022-06-22 09:00:00,0,1,0,6
"ADRIFT_026",2022-06-22 09:00:00,0,1,0,6
"ADRIFT_026",2022-06-22 10:00:00,0,1,0,6
"ADRIFT_026",2022-06-22 11:00:00,0,0,0,6
"ADRIFT_026",2022-06-22 12:00:00,0,0,0,6
"ADRIFT_026",2022-06-22 13:00:00,0,0,0,6
"ADRIFT_026",2022-06-22 14:00:00,0,0,0,6
"ADRIFT_026",2022-06-22 15:00:00,0,0,0,6
"ADRIFT_026",2022-06-22 16:00:00,0,1,0,6
"ADRIFT_026",2022-06-22 17:00:00,0,0,0,6
"ADRIFT_026",2022-06-22 18:00:00,0,0,0,6
"ADRIFT_026",2022-06-22 19:00:00,0,0,0,6
"ADRIFT_026",2022-06-22 20:00:00,0,0,0,6
"ADRIFT_026",2022-06-22 21:00:00,0,0,0,6
"ADRIFT_026",2022-06-22 22:00:00,0,0,0,6
"ADRIFT_026",2022-06-22 23:00:00,0,0,0,6
"ADRIFT_026",2022-06-23 00:00:00,0,0,0,6
"ADRIFT_026",2022-06-23 01:00:00,0,0,0,6
"ADRIFT_026",2022-06-23 02:00:00,0,0,0,6
"ADRIFT_026",2022-06-23 03:00:00,0,0,0,6
"ADRIFT_026",2022-06-23 04:00:00,0,0,0,6
"ADRIFT_026",2022-06-23 05:00:00,0,1,0,6
"ADRIFT_026",2022-06-23 06:00:00,0,0,0,6
"ADRIFT_026",2022-06-23 07:00:00,0,1,0,6
"ADRIFT_026",2022-06-23 08:00:00,0,0,0,6
"ADRIFT_026",2022-06-23 09:00:00,0,1,0,6
"ADRIFT_026",2022-06-23 10:00:00,0,1,0,6
"ADRIFT_026",2022-06-23 11:00:00,0,1,0,6
"ADRIFT_026",2022-06-23 12:00:00,0,1,0,6
"ADRIFT_026",2022-06-23 13:00:00,0,0,0,6
"ADRIFT_026",2022-06-23 14:00:00,0,0,0,6
"ADRIFT_026",2022-06-23 15:00:00,0,0,0,6
"ADRIFT_026",2022-06-23 16:00:00,0,1,0,6
"ADRIFT_026",2022-06-23 17:00:00,0,1,0,6
"ADRIFT_026",2022-06-23 18:00:00,0,0,0,6
"ADRIFT_026",2022-06-23 19:00:00,0,0,0,6
"ADRIFT_026",2022-06-23 20:00:00,0,0,0,6
"ADRIFT_026",2022-06-23 21:00:00,0,0,0,6
"ADRIFT_026",2022-06-23 22:00:00,0,0,0,6
"ADRIFT_026",2022-06-23 23:00:00,0,0,0,6
"ADRIFT_026",2022-06-24 00:00:00,0,0,0,6
"ADRIFT_026",2022-06-24 01:00:00,0,0,0,6
"ADRIFT_026",2022-06-24 02:00:00,0,0,0,6
"ADRIFT_026",2022-06-24 03:00:00,0,1,0,6
"ADRIFT_026",2022-06-24 04:00:00,0,1,0,6
"ADRIFT_026",2022-06-24 04:00:00,0,1,0,6
"ADRIFT_026",2022-06-24 05:00:00,0,1,0,6
"ADRIFT_026",2022-06-24 06:00:00,0,1,0,6
"ADRIFT_026",2022-06-24 07:00:00,0,0,0,6
"ADRIFT_026",2022-06-24 08:00:00,0,0,0,6
"ADRIFT_026",2022-06-24 09:00:00,0,0,0,6
"ADRIFT_026",2022-06-24 10:00:00,0,0,0,6
"ADRIFT_026",2022-06-24 11:00:00,0,0,0,6
"ADRIFT_026",2022-06-24 12:00:00,0,0,0,6
"ADRIFT_026",2022-06-24 13:00:00,0,0,0,6
"ADRIFT_026",2022-06-24 14:00:00,0,0,0,6
"ADRIFT_026",2022-06-24 15:00:00,0,0,0,6
"ADRIFT_026",2022-06-24 16:00:00,0,0,0,6
"ADRIFT_026",2022-06-24 17:00:00,0,0,0,6
"ADRIFT_026",2022-06-24 18:00:00,0,0,0,6
"ADRIFT_026",2022-06-24 19:00:00,0,0,0,6
"ADRIFT_026",2022-06-24 20:00:00,0,0,0,6
"ADRIFT_026",2022-06-24 21:00:00,0,0,0,6
"ADRIFT_026",2022-06-24 22:00:00,0,0,0,6
"ADRIFT_026",2022-06-24 23:00:00,0,0,0,6
"ADRIFT_026",2022-06-25 00:00:00,0,0,0,6
"ADRIFT_026",2022-06-25 01:00:00,0,0,0,6
"ADRIFT_026",2022-06-25 02:00:00,0,0,0,6
"ADRIFT_026",2022-06-25 03:00:00,0,0,0,6
"ADRIFT_026",2022-06-25 04:00:00,0,1,0,6
"ADRIFT_026",2022-06-25 05:00:00,0,1,0,6
"ADRIFT_026",2022-06-25 06:00:00,0,1,0,6
"ADRIFT_026",2022-06-25 07:00:00,0,1,0,6
"ADRIFT_026",2022-06-25 08:00:00,0,1,0,6
"ADRIFT_026",2022-06-25 09:00:00,0,0,0,6
"ADRIFT_026",2022-06-25 10:00:00,0,1,0,6
"ADRIFT_026",2022-06-25 11:00:00,0,0,0,6
"ADRIFT_026",2022-06-25 12:00:00,0,0,0,6
"ADRIFT_026",2022-06-25 13:00:00,0,0,0,6
"ADRIFT_026",2022-06-25 14:00:00,0,0,0,6
"ADRIFT_026",2022-06-25 15:00:00,0,0,0,6
"ADRIFT_026",2022-06-25 16:00:00,0,0,0,6
"ADRIFT_026",2022-06-25 17:00:00,0,0,0,6
"ADRIFT_026",2022-06-25 18:00:00,0,0,0,6
"ADRIFT_026",2022-06-25 19:00:00,0,0,0,6
"ADRIFT_026",2022-06-25 20:00:00,0,0,0,6
"ADRIFT_027",2022-07-27 00:00:00,0,1,0,7
"ADRIFT_027",2022-07-27 03:00:00,0,1,0,7
"ADRIFT_027",2022-07-27 04:00:00,0,1,0,7
"ADRIFT_027",2022-07-27 12:00:00,0,1,0,7
"ADRIFT_027",2022-07-27 16:00:00,0,1,0,7
"ADRIFT_027",2022-07-27 17:00:00,0,1,0,7
"ADRIFT_027",2022-07-27 17:00:00,0,1,0,7
"ADRIFT_027",2022-07-27 18:00:00,0,1,0,7
"ADRIFT_027",2022-07-27 19:00:00,0,1,0,7
"ADRIFT_027",2022-07-28 03:00:00,0,1,0,7
"ADRIFT_027",2022-07-28 04:00:00,0,1,0,7
"ADRIFT_027",2022-07-28 04:00:00,0,1,0,7
"ADRIFT_027",2022-07-28 05:00:00,0,1,0,7
"ADRIFT_027",2022-07-28 11:00:00,0,1,0,7
"ADRIFT_027",2022-07-28 13:00:00,0,1,0,7
"ADRIFT_027",2022-07-28 14:00:00,0,1,0,7
"ADRIFT_027",2022-07-29 04:00:00,0,1,0,7
"ADRIFT_027",2022-07-29 05:00:00,0,1,0,7
"ADRIFT_027",2022-07-29 05:00:00,0,1,0,7
"ADRIFT_027",2022-07-29 06:00:00,0,1,0,7
"ADRIFT_027",2022-07-29 08:00:00,0,1,0,7
"ADRIFT_027",2022-07-30 04:00:00,0,1,0,7
"ADRIFT_027",2022-07-30 10:00:00,0,1,0,7
"ADRIFT_027",2022-07-30 11:00:00,0,1,0,7
"ADRIFT_027",2022-07-30 20:00:00,0,1,0,7
"ADRIFT_046",2023-03-11 19:00:00,0,0,0,3
"ADRIFT_046",2023-03-11 20:00:00,0,0,0,3
"ADRIFT_046",2023-03-11 21:00:00,0,0,0,3
"ADRIFT_046",2023-03-11 22:00:00,0,0,0,3
"ADRIFT_046",2023-03-11 23:00:00,0,0,0,3
"ADRIFT_046",2023-03-12 00:00:00,0,0,0,3
"ADRIFT_046",2023-03-12 01:00:00,0,0,0,3
"ADRIFT_046",2023-03-12 02:00:00,0,0,0,3
"ADRIFT_046",2023-03-12 03:00:00,0,0,0,3
"ADRIFT_046",2023-03-12 04:00:00,0,0,0,3
"ADRIFT_046",2023-03-12 05:00:00,0,0,0,3
"ADRIFT_046",2023-03-12 06:00:00,0,0,0,3
"ADRIFT_046",2023-03-12 07:00:00,0,0,0,3
"ADRIFT_046",2023-03-12 08:00:00,0,0,0,3
"ADRIFT_046",2023-03-12 09:00:00,0,0,0,3
"ADRIFT_046",2023-03-12 10:00:00,0,0,0,3
"ADRIFT_046",2023-03-12 11:00:00,0,0,0,3
"ADRIFT_046",2023-03-12 12:00:00,0,0,0,3
"ADRIFT_046",2023-03-12 13:00:00,0,0,0,3
"ADRIFT_046",2023-03-12 14:00:00,0,0,0,3
"ADRIFT_046",2023-03-12 15:00:00,0,0,0,3
"ADRIFT_046",2023-03-12 16:00:00,0,0,0,3
"ADRIFT_046",2023-03-12 17:00:00,0,0,0,3
"ADRIFT_046",2023-03-12 18:00:00,0,0,0,3
"ADRIFT_046",2023-03-12 19:00:00,0,0,0,3
"ADRIFT_046",2023-03-12 20:00:00,0,0,0,3
"ADRIFT_046",2023-03-12 21:00:00,0,0,0,3
"ADRIFT_046",2023-03-12 22:00:00,0,0,0,3
"ADRIFT_046",2023-03-12 23:00:00,0,0,0,3
"ADRIFT_046",2023-03-13 00:00:00,0,0,0,3
"ADRIFT_046",2023-03-13 01:00:00,0,0,0,3
"ADRIFT_046",2023-03-13 02:00:00,0,0,0,3
"ADRIFT_046",2023-03-13 03:00:00,0,0,0,3
"ADRIFT_046",2023-03-13 04:00:00,0,0,0,3
"ADRIFT_046",2023-03-13 05:00:00,0,0,0,3
"ADRIFT_046",2023-03-13 06:00:00,0,0,0,3
"ADRIFT_046",2023-03-13 07:00:00,0,0,0,3
"ADRIFT_046",2023-03-13 08:00:00,0,0,0,3
"ADRIFT_046",2023-03-13 09:00:00,0,0,0,3
"ADRIFT_046",2023-03-13 10:00:00,0,0,0,3
"ADRIFT_046",2023-03-13 11:00:00,0,0,0,3
"ADRIFT_046",2023-03-13 12:00:00,0,0,0,3
"ADRIFT_046",2023-03-13 13:00:00,0,0,0,3
"ADRIFT_046",2023-03-13 14:00:00,0,0,0,3
"ADRIFT_046",2023-03-13 15:00:00,0,0,0,3
"ADRIFT_046",2023-03-13 16:00:00,0,0,0,3
"ADRIFT_046",2023-03-13 17:00:00,0,0,0,3
"ADRIFT_046",2023-03-13 18:00:00,0,0,0,3
"ADRIFT_046",2023-03-13 19:00:00,0,0,0,3
"ADRIFT_046",2023-03-13 20:00:00,0,0,0,3
"ADRIFT_046",2023-03-13 21:00:00,0,0,0,3
"ADRIFT_046",2023-03-13 22:00:00,0,0,0,3
"ADRIFT_046",2023-03-13 23:00:00,0,0,0,3
"ADRIFT_046",2023-03-14 00:00:00,0,0,0,3
"ADRIFT_046",2023-03-14 01:00:00,0,0,0,3
"ADRIFT_046",2023-03-14 02:00:00,0,0,0,3
"ADRIFT_046",2023-03-14 03:00:00,0,0,0,3
"ADRIFT_046",2023-03-14 04:00:00,0,0,0,3
"ADRIFT_046",2023-03-14 05:00:00,0,0,0,3
"ADRIFT_046",2023-03-14 06:00:00,0,0,0,3
"ADRIFT_046",2023-03-14 07:00:00,0,0,0,3
"ADRIFT_046",2023-03-14 08:00:00,0,0,0,3
"ADRIFT_046",2023-03-14 09:00:00,0,0,0,3
"ADRIFT_046",2023-03-14 10:00:00,0,0,0,3
"ADRIFT_046",2023-03-14 11:00:00,0,0,0,3
"ADRIFT_046",2023-03-14 12:00:00,0,0,0,3
"ADRIFT_046",2023-03-14 13:00:00,0,0,0,3
"ADRIFT_046",2023-03-14 14:00:00,0,0,0,3
"ADRIFT_046",2023-03-14 15:00:00,0,0,0,3
"ADRIFT_046",2023-03-14 16:00:00,0,0,0,3
"ADRIFT_046",2023-03-14 17:00:00,0,0,0,3
"ADRIFT_046",2023-03-14 18:00:00,0,0,0,3
"ADRIFT_046",2023-03-14 19:00:00,0,0,0,3
"ADRIFT_046",2023-03-14 20:00:00,0,0,0,3
"ADRIFT_046",2023-03-14 21:00:00,0,0,0,3
"ADRIFT_046",2023-03-14 22:00:00,0,0,0,3
"ADRIFT_046",2023-03-14 23:00:00,0,0,0,3
"ADRIFT_046",2023-03-15 00:00:00,0,0,0,3
"ADRIFT_046",2023-03-15 01:00:00,0,0,0,3
"ADRIFT_046",2023-03-15 02:00:00,0,0,0,3
"ADRIFT_046",2023-03-15 03:00:00,0,0,0,3
"ADRIFT_046",2023-03-15 04:00:00,0,0,0,3
"ADRIFT_046",2023-03-15 05:00:00,0,0,0,3
"ADRIFT_046",2023-03-15 06:00:00,0,0,0,3
"ADRIFT_046",2023-03-15 07:00:00,0,0,0,3
"ADRIFT_046",2023-03-15 08:00:00,0,0,0,3
"ADRIFT_046",2023-03-15 09:00:00,0,0,0,3
"ADRIFT_046",2023-03-15 10:00:00,0,0,0,3
"ADRIFT_046",2023-03-15 11:00:00,0,0,0,3
"ADRIFT_046",2023-03-15 12:00:00,0,0,0,3
"ADRIFT_046",2023-03-15 13:00:00,0,0,0,3
"ADRIFT_046",2023-03-15 14:00:00,0,0,0,3
"ADRIFT_046",2023-03-15 15:00:00,0,0,0,3
"ADRIFT_046",2023-03-15 16:00:00,0,0,0,3
"ADRIFT_046",2023-03-15 17:00:00,0,0,0,3
"ADRIFT_046",2023-03-15 18:00:00,0,0,0,3
"ADRIFT_046",2023-03-15 19:00:00,0,0,0,3
"ADRIFT_046",2023-03-15 20:00:00,0,0,0,3
"ADRIFT_046",2023-03-15 21:00:00,0,0,0,3
"ADRIFT_046",2023-03-15 22:00:00,0,0,0,3
"ADRIFT_046",2023-03-15 23:00:00,0,0,0,3
"ADRIFT_046",2023-03-16 00:00:00,0,0,0,3
"ADRIFT_046",2023-03-16 01:00:00,0,0,0,3
"ADRIFT_046",2023-03-16 02:00:00,0,0,0,3
"ADRIFT_046",2023-03-16 03:00:00,0,0,0,3
"ADRIFT_046",2023-03-16 04:00:00,0,0,0,3
"ADRIFT_046",2023-03-16 05:00:00,0,0,0,3
"ADRIFT_046",2023-03-16 06:00:00,0,0,0,3
"ADRIFT_046",2023-03-16 07:00:00,0,0,0,3
"ADRIFT_046",2023-03-16 08:00:00,0,0,0,3
"ADRIFT_046",2023-03-16 09:00:00,0,0,0,3
"ADRIFT_046",2023-03-16 10:00:00,0,0,0,3
"ADRIFT_046",2023-03-16 11:00:00,0,0,0,3
"ADRIFT_046",2023-03-16 12:00:00,0,0,0,3
"ADRIFT_046",2023-03-16 13:00:00,0,0,0,3
"ADRIFT_046",2023-03-16 14:00:00,0,0,0,3
"ADRIFT_046",2023-03-16 15:00:00,0,0,0,3
"ADRIFT_046",2023-03-16 16:00:00,0,0,0,3
"ADRIFT_046",2023-03-16 17:00:00,0,0,0,3
"ADRIFT_046",2023-03-16 18:00:00,0,0,0,3
"ADRIFT_046",2023-03-16 19:00:00,0,0,0,3
"ADRIFT_046",2023-03-16 20:00:00,0,0,0,3
"ADRIFT_046",2023-03-16 21:00:00,0,0,0,3
"ADRIFT_047",2023-03-11 19:00:00,0,0,0,3
"ADRIFT_047",2023-03-11 20:00:00,0,0,0,3
"ADRIFT_047",2023-03-11 21:00:00,0,0,0,3
"ADRIFT_047",2023-03-11 22:00:00,0,0,0,3
"ADRIFT_047",2023-03-11 23:00:00,0,0,0,3
"ADRIFT_047",2023-03-12 00:00:00,0,0,0,3
"ADRIFT_047",2023-03-12 01:00:00,0,0,0,3
"ADRIFT_047",2023-03-12 02:00:00,0,0,0,3
"ADRIFT_047",2023-03-12 03:00:00,0,0,0,3
"ADRIFT_047",2023-03-12 04:00:00,0,0,0,3
"ADRIFT_047",2023-03-12 05:00:00,0,0,0,3
"ADRIFT_047",2023-03-12 06:00:00,0,0,0,3
"ADRIFT_047",2023-03-12 07:00:00,0,0,0,3
"ADRIFT_047",2023-03-12 08:00:00,0,0,0,3
"ADRIFT_047",2023-03-12 09:00:00,0,0,0,3
"ADRIFT_047",2023-03-12 10:00:00,0,0,0,3
"ADRIFT_047",2023-03-12 11:00:00,0,0,0,3
"ADRIFT_047",2023-03-12 12:00:00,0,0,0,3
"ADRIFT_047",2023-03-12 13:00:00,0,0,0,3
"ADRIFT_047",2023-03-12 14:00:00,0,0,0,3
"ADRIFT_047",2023-03-12 15:00:00,0,0,0,3
"ADRIFT_047",2023-03-12 16:00:00,0,0,0,3
"ADRIFT_047",2023-03-12 17:00:00,0,0,0,3
"ADRIFT_047",2023-03-12 18:00:00,0,0,0,3
"ADRIFT_047",2023-03-12 19:00:00,0,0,0,3
"ADRIFT_047",2023-03-12 20:00:00,0,0,0,3
"ADRIFT_047",2023-03-12 21:00:00,0,0,0,3
"ADRIFT_047",2023-03-12 22:00:00,0,0,0,3
"ADRIFT_047",2023-03-12 23:00:00,0,0,0,3
"ADRIFT_047",2023-03-13 00:00:00,0,0,0,3
"ADRIFT_047",2023-03-13 01:00:00,0,0,0,3
"ADRIFT_047",2023-03-13 02:00:00,0,0,0,3
"ADRIFT_047",2023-03-13 03:00:00,0,0,0,3
"ADRIFT_047",2023-03-13 04:00:00,0,0,0,3
"ADRIFT_047",2023-03-13 05:00:00,0,0,0,3
"ADRIFT_047",2023-03-13 06:00:00,0,0,0,3
"ADRIFT_047",2023-03-13 07:00:00,0,0,0,3
"ADRIFT_047",2023-03-13 08:00:00,0,0,0,3
"ADRIFT_047",2023-03-13 09:00:00,0,0,0,3
"ADRIFT_047",2023-03-13 10:00:00,0,0,0,3
"ADRIFT_047",2023-03-13 11:00:00,0,0,0,3
"ADRIFT_047",2023-03-13 12:00:00,0,0,0,3
"ADRIFT_047",2023-03-13 13:00:00,0,0,0,3
"ADRIFT_047",2023-03-13 14:00:00,0,0,0,3
"ADRIFT_047",2023-03-13 15:00:00,0,0,0,3
"ADRIFT_047",2023-03-13 16:00:00,0,0,0,3
"ADRIFT_047",2023-03-13 17:00:00,0,0,0,3
"ADRIFT_047",2023-03-13 18:00:00,0,0,0,3
"ADRIFT_047",2023-03-13 19:00:00,0,0,0,3
"ADRIFT_047",2023-03-13 20:00:00,0,0,0,3
"ADRIFT_047",2023-03-13 21:00:00,0,0,0,3
"ADRIFT_047",2023-03-13 22:00:00,0,0,0,3
"ADRIFT_047",2023-03-13 23:00:00,0,0,0,3
"ADRIFT_047",2023-03-14 00:00:00,0,0,0,3
"ADRIFT_047",2023-03-14 01:00:00,0,0,0,3
"ADRIFT_047",2023-03-14 02:00:00,0,0,0,3
"ADRIFT_047",2023-03-14 03:00:00,0,0,0,3
"ADRIFT_047",2023-03-14 04:00:00,0,0,0,3
"ADRIFT_047",2023-03-14 05:00:00,0,0,0,3
"ADRIFT_047",2023-03-14 06:00:00,0,0,0,3
"ADRIFT_047",2023-03-14 07:00:00,0,0,0,3
"ADRIFT_047",2023-03-14 08:00:00,0,0,0,3
"ADRIFT_047",2023-03-14 09:00:00,0,0,0,3
"ADRIFT_047",2023-03-14 10:00:00,0,0,0,3
"ADRIFT_047",2023-03-14 11:00:00,0,0,0,3
"ADRIFT_047",2023-03-14 12:00:00,0,0,0,3
"ADRIFT_047",2023-03-14 13:00:00,0,0,0,3
"ADRIFT_047",2023-03-14 14:00:00,0,0,0,3
"ADRIFT_047",2023-03-14 15:00:00,0,0,0,3
"ADRIFT_047",2023-03-14 16:00:00,0,0,0,3
"ADRIFT_047",2023-03-14 17:00:00,0,0,0,3
"ADRIFT_047",2023-03-14 18:00:00,0,0,0,3
"ADRIFT_047",2023-03-14 19:00:00,0,0,0,3
"ADRIFT_047",2023-03-14 20:00:00,0,0,0,3
"ADRIFT_047",2023-03-14 21:00:00,0,0,0,3
"ADRIFT_047",2023-03-14 22:00:00,0,0,0,3
"ADRIFT_047",2023-03-14 23:00:00,0,0,0,3
"ADRIFT_047",2023-03-15 00:00:00,0,0,0,3
"ADRIFT_047",2023-03-15 01:00:00,0,0,0,3
"ADRIFT_047",2023-03-15 02:00:00,0,0,0,3
"ADRIFT_047",2023-03-15 03:00:00,0,0,0,3
"ADRIFT_047",2023-03-15 04:00:00,0,0,0,3
"ADRIFT_047",2023-03-15 05:00:00,0,0,0,3
"ADRIFT_047",2023-03-15 06:00:00,0,0,0,3
"ADRIFT_047",2023-03-15 07:00:00,0,0,0,3
"ADRIFT_047",2023-03-15 08:00:00,0,0,0,3
"ADRIFT_047",2023-03-15 09:00:00,0,0,0,3
"ADRIFT_047",2023-03-15 10:00:00,0,0,0,3
"ADRIFT_047",2023-03-15 11:00:00,0,0,0,3
"ADRIFT_047",2023-03-15 12:00:00,0,0,0,3
"ADRIFT_047",2023-03-15 13:00:00,0,0,0,3
"ADRIFT_047",2023-03-15 14:00:00,0,0,0,3
"ADRIFT_047",2023-03-15 15:00:00,0,0,0,3
"ADRIFT_047",2023-03-15 16:00:00,0,0,0,3
"ADRIFT_047",2023-03-15 17:00:00,0,0,0,3
"ADRIFT_047",2023-03-15 18:00:00,0,0,0,3
"ADRIFT_047",2023-03-15 19:00:00,0,0,0,3
"ADRIFT_047",2023-03-15 20:00:00,0,0,0,3
"ADRIFT_047",2023-03-15 21:00:00,0,0,0,3
"ADRIFT_047",2023-03-15 22:00:00,0,0,0,3
"ADRIFT_047",2023-03-15 23:00:00,0,0,0,3
"ADRIFT_047",2023-03-16 00:00:00,0,0,0,3
"ADRIFT_047",2023-03-16 01:00:00,0,0,0,3
"ADRIFT_047",2023-03-16 02:00:00,0,0,0,3
"ADRIFT_047",2023-03-16 03:00:00,0,0,0,3
"ADRIFT_047",2023-03-16 04:00:00,0,0,0,3
"ADRIFT_047",2023-03-16 05:00:00,0,0,0,3
"ADRIFT_047",2023-03-16 06:00:00,0,0,0,3
"ADRIFT_047",2023-03-16 07:00:00,0,0,0,3
"ADRIFT_047",2023-03-16 08:00:00,0,0,0,3
"ADRIFT_047",2023-03-16 09:00:00,0,0,0,3
"ADRIFT_047",2023-03-16 10:00:00,0,0,0,3
"ADRIFT_047",2023-03-16 11:00:00,0,0,0,3
"ADRIFT_047",2023-03-16 12:00:00,0,0,0,3
"ADRIFT_047",2023-03-16 13:00:00,0,0,0,3
"ADRIFT_047",2023-03-16 14:00:00,0,0,0,3
"ADRIFT_047",2023-03-16 15:00:00,0,0,0,3
"ADRIFT_047",2023-03-16 16:00:00,0,0,0,3
"ADRIFT_047",2023-03-16 17:00:00,0,0,0,3
"ADRIFT_047",2023-03-16 18:00:00,0,0,0,3
"ADRIFT_047",2023-03-16 19:00:00,0,0,0,3
"ADRIFT_047",2023-03-16 20:00:00,0,0,0,3
"ADRIFT_047",2023-03-16 21:00:00,0,0,0,3
"ADRIFT_048",2023-03-11 19:00:00,0,0,0,3
"ADRIFT_048",2023-03-11 20:00:00,0,0,0,3
"ADRIFT_048",2023-03-11 21:00:00,0,0,0,3
"ADRIFT_048",2023-03-11 22:00:00,0,0,0,3
"ADRIFT_048",2023-03-11 23:00:00,0,0,0,3
"ADRIFT_048",2023-03-12 00:00:00,0,0,0,3
"ADRIFT_048",2023-03-12 01:00:00,0,0,0,3
"ADRIFT_048",2023-03-12 02:00:00,0,0,0,3
"ADRIFT_048",2023-03-12 03:00:00,0,0,0,3
"ADRIFT_048",2023-03-12 04:00:00,0,0,0,3
"ADRIFT_048",2023-03-12 05:00:00,0,0,0,3
"ADRIFT_048",2023-03-12 06:00:00,0,0,0,3
"ADRIFT_048",2023-03-12 07:00:00,0,0,0,3
"ADRIFT_048",2023-03-12 08:00:00,0,0,0,3
"ADRIFT_048",2023-03-12 09:00:00,0,0,0,3
"ADRIFT_048",2023-03-12 10:00:00,0,0,0,3
"ADRIFT_048",2023-03-12 11:00:00,0,0,0,3
"ADRIFT_048",2023-03-12 12:00:00,0,0,0,3
"ADRIFT_048",2023-03-12 13:00:00,0,0,0,3
"ADRIFT_048",2023-03-12 14:00:00,0,0,0,3
"ADRIFT_048",2023-03-12 15:00:00,0,0,0,3
"ADRIFT_048",2023-03-12 16:00:00,0,0,0,3
"ADRIFT_048",2023-03-12 17:00:00,0,0,0,3
"ADRIFT_048",2023-03-12 18:00:00,0,0,0,3
"ADRIFT_048",2023-03-12 19:00:00,0,0,0,3
"ADRIFT_048",2023-03-12 20:00:00,0,0,0,3
"ADRIFT_048",2023-03-12 21:00:00,0,0,0,3
"ADRIFT_048",2023-03-12 22:00:00,0,0,0,3
"ADRIFT_048",2023-03-12 23:00:00,0,0,0,3
"ADRIFT_048",2023-03-13 00:00:00,0,0,0,3
"ADRIFT_048",2023-03-13 01:00:00,0,0,0,3
"ADRIFT_048",2023-03-13 02:00:00,0,0,0,3
"ADRIFT_048",2023-03-13 03:00:00,0,0,0,3
"ADRIFT_048",2023-03-13 04:00:00,0,0,0,3
"ADRIFT_048",2023-03-13 05:00:00,0,0,0,3
"ADRIFT_048",2023-03-13 06:00:00,0,0,0,3
"ADRIFT_048",2023-03-13 07:00:00,0,0,0,3
"ADRIFT_048",2023-03-13 08:00:00,0,0,0,3
"ADRIFT_048",2023-03-13 09:00:00,0,0,0,3
"ADRIFT_048",2023-03-13 10:00:00,0,0,0,3
"ADRIFT_048",2023-03-13 11:00:00,0,0,0,3
"ADRIFT_048",2023-03-13 12:00:00,0,0,0,3
"ADRIFT_048",2023-03-13 13:00:00,0,0,0,3
"ADRIFT_048",2023-03-13 14:00:00,0,0,0,3
"ADRIFT_048",2023-03-13 15:00:00,0,0,0,3
"ADRIFT_048",2023-03-13 16:00:00,0,0,0,3
"ADRIFT_048",2023-03-13 17:00:00,0,0,0,3
"ADRIFT_048",2023-03-13 18:00:00,0,0,0,3
"ADRIFT_048",2023-03-13 19:00:00,0,0,0,3
"ADRIFT_048",2023-03-13 20:00:00,0,0,0,3
"ADRIFT_048",2023-03-13 21:00:00,0,0,0,3
"ADRIFT_048",2023-03-13 22:00:00,0,0,0,3
"ADRIFT_048",2023-03-13 23:00:00,0,0,0,3
"ADRIFT_048",2023-03-14 00:00:00,0,0,0,3
"ADRIFT_048",2023-03-14 01:00:00,0,0,0,3
"ADRIFT_048",2023-03-14 02:00:00,0,0,0,3
"ADRIFT_048",2023-03-14 03:00:00,0,0,0,3
"ADRIFT_048",2023-03-14 04:00:00,0,0,0,3
"ADRIFT_048",2023-03-14 05:00:00,0,0,0,3
"ADRIFT_048",2023-03-14 06:00:00,0,0,0,3
"ADRIFT_048",2023-03-14 07:00:00,0,0,0,3
"ADRIFT_048",2023-03-14 08:00:00,0,0,0,3
"ADRIFT_048",2023-03-14 09:00:00,0,0,0,3
"ADRIFT_048",2023-03-14 10:00:00,0,0,0,3
"ADRIFT_048",2023-03-14 11:00:00,0,0,0,3
"ADRIFT_048",2023-03-14 12:00:00,0,0,0,3
"ADRIFT_048",2023-03-14 13:00:00,0,0,0,3
"ADRIFT_048",2023-03-14 14:00:00,0,0,0,3
"ADRIFT_048",2023-03-14 15:00:00,0,0,0,3
"ADRIFT_048",2023-03-14 16:00:00,0,0,0,3
"ADRIFT_048",2023-03-14 17:00:00,0,0,0,3
"ADRIFT_048",2023-03-14 18:00:00,0,0,0,3
"ADRIFT_048",2023-03-14 19:00:00,0,0,0,3
"ADRIFT_048",2023-03-14 20:00:00,0,0,0,3
"ADRIFT_048",2023-03-14 21:00:00,0,0,0,3
"ADRIFT_048",2023-03-14 22:00:00,0,0,0,3
"ADRIFT_048",2023-03-14 23:00:00,0,0,0,3
"ADRIFT_048",2023-03-15 00:00:00,0,0,0,3
"ADRIFT_048",2023-03-15 01:00:00,0,0,0,3
"ADRIFT_048",2023-03-15 02:00:00,0,0,0,3
"ADRIFT_048",2023-03-15 03:00:00,0,0,0,3
"ADRIFT_048",2023-03-15 04:00:00,0,0,0,3
"ADRIFT_048",2023-03-15 05:00:00,0,0,0,3
"ADRIFT_048",2023-03-15 06:00:00,0,0,0,3
"ADRIFT_048",2023-03-15 07:00:00,0,0,0,3
"ADRIFT_048",2023-03-15 08:00:00,0,0,0,3
"ADRIFT_048",2023-03-15 09:00:00,0,0,0,3
"ADRIFT_048",2023-03-15 10:00:00,0,0,0,3
"ADRIFT_048",2023-03-15 11:00:00,0,0,0,3
"ADRIFT_048",2023-03-15 12:00:00,0,0,0,3
"ADRIFT_048",2023-03-15 13:00:00,0,0,0,3
"ADRIFT_048",2023-03-15 14:00:00,0,0,0,3
"ADRIFT_048",2023-03-15 15:00:00,0,0,0,3
"ADRIFT_048",2023-03-15 16:00:00,0,0,0,3
"ADRIFT_048",2023-03-15 17:00:00,0,0,0,3
"ADRIFT_048",2023-03-15 18:00:00,0,0,0,3
"ADRIFT_048",2023-03-15 19:00:00,0,0,0,3
"ADRIFT_048",2023-03-15 20:00:00,0,0,0,3
"ADRIFT_048",2023-03-15 21:00:00,0,0,0,3
"ADRIFT_048",2023-03-15 22:00:00,0,0,0,3
"ADRIFT_048",2023-03-15 23:00:00,0,0,0,3
"ADRIFT_048",2023-03-16 00:00:00,0,0,0,3
"ADRIFT_048",2023-03-16 01:00:00,0,0,0,3
"ADRIFT_048",2023-03-16 02:00:00,0,0,0,3
"ADRIFT_048",2023-03-16 03:00:00,0,0,0,3
"ADRIFT_048",2023-03-16 04:00:00,0,0,0,3
"ADRIFT_048",2023-03-16 05:00:00,0,0,0,3
"ADRIFT_048",2023-03-16 06:00:00,0,0,0,3
"ADRIFT_048",2023-03-16 07:00:00,0,0,0,3
"ADRIFT_048",2023-03-16 08:00:00,0,0,0,3
"ADRIFT_048",2023-03-16 09:00:00,0,0,0,3
"ADRIFT_048",2023-03-16 10:00:00,0,0,0,3
"ADRIFT_048",2023-03-16 11:00:00,0,0,0,3
"ADRIFT_048",2023-03-16 12:00:00,0,0,0,3
"ADRIFT_048",2023-03-16 13:00:00,0,0,0,3
"ADRIFT_048",2023-03-16 14:00:00,0,0,0,3
"ADRIFT_048",2023-03-16 15:00:00,0,0,0,3
"ADRIFT_048",2023-03-16 16:00:00,0,0,0,3
"ADRIFT_048",2023-03-16 17:00:00,0,0,0,3
"ADRIFT_048",2023-03-16 18:00:00,0,0,0,3
"ADRIFT_048",2023-03-16 19:00:00,0,0,0,3
"ADRIFT_048",2023-03-16 20:00:00,0,0,0,3
"ADRIFT_048",2023-03-16 21:00:00,0,0,0,3
"ADRIFT_048",2023-03-16 22:00:00,0,0,0,3
"ADRIFT_048",2023-03-16 23:00:00,0,0,0,3
"ADRIFT_048",2023-03-17 00:00:00,0,0,0,3
"ADRIFT_048",2023-03-17 01:00:00,0,0,0,3
"ADRIFT_048",2023-03-17 02:00:00,0,0,0,3
"ADRIFT_048",2023-03-17 03:00:00,0,0,0,3
"ADRIFT_048",2023-03-17 04:00:00,0,0,0,3
"ADRIFT_048",2023-03-17 05:00:00,0,0,0,3
"ADRIFT_048",2023-03-17 06:00:00,0,0,0,3
"ADRIFT_048",2023-03-17 07:00:00,0,0,0,3
"ADRIFT_048",2023-03-17 08:00:00,0,0,0,3
"ADRIFT_048",2023-03-17 09:00:00,0,0,0,3
"ADRIFT_048",2023-03-17 10:00:00,0,0,0,3
"ADRIFT_048",2023-03-17 11:00:00,0,0,0,3
"ADRIFT_048",2023-03-17 12:00:00,0,0,0,3
"ADRIFT_048",2023-03-17 13:00:00,0,0,0,3
"ADRIFT_048",2023-03-17 14:00:00,0,0,0,3
"ADRIFT_048",2023-03-17 15:00:00,0,0,0,3
"ADRIFT_048",2023-03-17 16:00:00,0,0,0,3
"ADRIFT_048",2023-03-17 17:00:00,0,0,0,3
"ADRIFT_048",2023-03-17 18:00:00,0,0,0,3
"ADRIFT_048",2023-03-17 19:00:00,0,0,0,3
"ADRIFT_048",2023-03-17 20:00:00,0,0,0,3
"ADRIFT_048",2023-03-17 21:00:00,0,0,0,3
"ADRIFT_048",2023-03-17 22:00:00,0,0,0,3
"ADRIFT_048",2023-03-17 23:00:00,0,0,0,3
"ADRIFT_048",2023-03-18 00:00:00,0,0,0,3
"ADRIFT_048",2023-03-18 01:00:00,0,0,0,3
"ADRIFT_048",2023-03-18 02:00:00,0,0,0,3
"ADRIFT_048",2023-03-18 03:00:00,0,0,0,3
"ADRIFT_048",2023-03-18 04:00:00,0,0,0,3
"ADRIFT_048",2023-03-18 05:00:00,0,0,0,3
"ADRIFT_048",2023-03-18 06:00:00,0,0,0,3
"ADRIFT_048",2023-03-18 07:00:00,0,0,0,3
"ADRIFT_048",2023-03-18 08:00:00,0,0,0,3
"ADRIFT_048",2023-03-18 09:00:00,0,0,0,3
"ADRIFT_048",2023-03-18 10:00:00,0,0,0,3
"ADRIFT_048",2023-03-18 11:00:00,0,0,0,3
"ADRIFT_048",2023-03-18 12:00:00,0,0,0,3
"ADRIFT_048",2023-03-18 13:00:00,0,0,0,3
"ADRIFT_048",2023-03-18 14:00:00,0,0,0,3
"ADRIFT_048",2023-03-18 15:00:00,0,0,0,3
"ADRIFT_048",2023-03-18 16:00:00,0,0,0,3
"ADRIFT_048",2023-03-18 17:00:00,0,0,0,3
"ADRIFT_048",2023-03-18 18:00:00,0,0,0,3
"ADRIFT_049",2023-03-11 20:00:00,0,0,0,3
"ADRIFT_049",2023-03-11 21:00:00,0,0,0,3
"ADRIFT_049",2023-03-11 22:00:00,0,0,0,3
"ADRIFT_049",2023-03-11 23:00:00,0,0,0,3
"ADRIFT_049",2023-03-12 00:00:00,0,0,0,3
"ADRIFT_049",2023-03-12 01:00:00,0,0,0,3
"ADRIFT_049",2023-03-12 02:00:00,0,0,0,3
"ADRIFT_049",2023-03-12 03:00:00,0,0,0,3
"ADRIFT_049",2023-03-12 04:00:00,0,0,0,3
"ADRIFT_049",2023-03-12 05:00:00,0,0,0,3
"ADRIFT_049",2023-03-12 06:00:00,0,0,0,3
"ADRIFT_049",2023-03-12 07:00:00,0,0,0,3
"ADRIFT_049",2023-03-12 08:00:00,0,0,0,3
"ADRIFT_049",2023-03-12 09:00:00,0,0,0,3
"ADRIFT_049",2023-03-12 10:00:00,0,0,0,3
"ADRIFT_049",2023-03-12 11:00:00,0,0,0,3
"ADRIFT_049",2023-03-12 12:00:00,0,0,0,3
"ADRIFT_049",2023-03-12 13:00:00,0,0,0,3
"ADRIFT_049",2023-03-12 14:00:00,0,0,0,3
"ADRIFT_049",2023-03-12 15:00:00,0,0,0,3
"ADRIFT_049",2023-03-12 16:00:00,0,0,0,3
"ADRIFT_049",2023-03-12 17:00:00,0,0,0,3
"ADRIFT_049",2023-03-12 18:00:00,0,0,0,3
"ADRIFT_049",2023-03-12 19:00:00,0,0,0,3
"ADRIFT_049",2023-03-12 20:00:00,0,0,0,3
"ADRIFT_049",2023-03-12 21:00:00,0,0,0,3
"ADRIFT_049",2023-03-12 22:00:00,0,0,0,3
"ADRIFT_049",2023-03-12 23:00:00,0,0,0,3
"ADRIFT_049",2023-03-13 00:00:00,0,0,0,3
"ADRIFT_049",2023-03-13 01:00:00,0,0,0,3
"ADRIFT_049",2023-03-13 02:00:00,0,0,0,3
"ADRIFT_049",2023-03-13 03:00:00,0,0,0,3
"ADRIFT_049",2023-03-13 04:00:00,0,0,0,3
"ADRIFT_049",2023-03-13 05:00:00,0,0,0,3
"ADRIFT_049",2023-03-13 06:00:00,0,0,0,3
"ADRIFT_049",2023-03-13 07:00:00,0,0,0,3
"ADRIFT_049",2023-03-13 08:00:00,0,0,0,3
"ADRIFT_049",2023-03-13 09:00:00,0,0,0,3
"ADRIFT_049",2023-03-13 10:00:00,0,0,0,3
"ADRIFT_049",2023-03-13 11:00:00,0,0,0,3
"ADRIFT_049",2023-03-13 12:00:00,0,0,0,3
"ADRIFT_049",2023-03-13 13:00:00,0,0,0,3
"ADRIFT_049",2023-03-13 14:00:00,0,0,0,3
"ADRIFT_049",2023-03-13 15:00:00,0,0,0,3
"ADRIFT_049",2023-03-13 16:00:00,0,0,0,3
"ADRIFT_049",2023-03-13 17:00:00,0,0,0,3
"ADRIFT_049",2023-03-13 18:00:00,0,0,0,3
"ADRIFT_049",2023-03-13 19:00:00,0,0,0,3
"ADRIFT_049",2023-03-13 20:00:00,0,0,0,3
"ADRIFT_049",2023-03-13 21:00:00,0,0,0,3
"ADRIFT_049",2023-03-13 22:00:00,0,0,0,3
"ADRIFT_049",2023-03-13 23:00:00,0,0,0,3
"ADRIFT_049",2023-03-14 00:00:00,0,0,0,3
"ADRIFT_049",2023-03-14 01:00:00,0,0,0,3
"ADRIFT_049",2023-03-14 02:00:00,0,0,0,3
"ADRIFT_049",2023-03-14 03:00:00,0,0,0,3
"ADRIFT_049",2023-03-14 04:00:00,0,0,0,3
"ADRIFT_049",2023-03-14 05:00:00,0,0,0,3
"ADRIFT_049",2023-03-14 06:00:00,0,0,0,3
"ADRIFT_049",2023-03-14 07:00:00,0,0,0,3
"ADRIFT_049",2023-03-14 08:00:00,0,0,0,3
"ADRIFT_049",2023-03-14 09:00:00,0,0,0,3
"ADRIFT_049",2023-03-14 10:00:00,0,0,0,3
"ADRIFT_049",2023-03-14 11:00:00,0,0,0,3
"ADRIFT_049",2023-03-14 12:00:00,0,0,0,3
"ADRIFT_049",2023-03-14 13:00:00,0,0,0,3
"ADRIFT_049",2023-03-14 14:00:00,0,0,0,3
"ADRIFT_049",2023-03-14 15:00:00,0,0,0,3
"ADRIFT_049",2023-03-14 16:00:00,0,0,0,3
"ADRIFT_049",2023-03-14 17:00:00,0,0,0,3
"ADRIFT_049",2023-03-14 18:00:00,0,0,0,3
"ADRIFT_049",2023-03-14 19:00:00,0,0,0,3
"ADRIFT_049",2023-03-14 20:00:00,0,0,0,3
"ADRIFT_049",2023-03-14 21:00:00,0,0,0,3
"ADRIFT_049",2023-03-14 22:00:00,0,0,0,3
"ADRIFT_049",2023-03-14 23:00:00,0,0,0,3
"ADRIFT_049",2023-03-15 00:00:00,0,0,0,3
"ADRIFT_049",2023-03-15 01:00:00,0,0,0,3
"ADRIFT_049",2023-03-15 02:00:00,0,0,0,3
"ADRIFT_049",2023-03-15 03:00:00,0,0,0,3
"ADRIFT_049",2023-03-15 04:00:00,0,0,0,3
"ADRIFT_049",2023-03-15 05:00:00,0,0,0,3
"ADRIFT_049",2023-03-15 06:00:00,0,0,0,3
"ADRIFT_049",2023-03-15 07:00:00,0,0,0,3
"ADRIFT_049",2023-03-15 08:00:00,0,0,0,3
"ADRIFT_049",2023-03-15 09:00:00,0,0,0,3
"ADRIFT_049",2023-03-15 10:00:00,0,0,0,3
"ADRIFT_049",2023-03-15 11:00:00,0,0,0,3
"ADRIFT_049",2023-03-15 12:00:00,0,0,0,3
"ADRIFT_049",2023-03-15 13:00:00,0,0,0,3
"ADRIFT_049",2023-03-15 14:00:00,0,0,0,3
"ADRIFT_049",2023-03-15 15:00:00,0,0,0,3
"ADRIFT_049",2023-03-15 16:00:00,0,0,0,3
"ADRIFT_049",2023-03-15 17:00:00,0,0,0,3
"ADRIFT_049",2023-03-15 18:00:00,0,0,0,3
"ADRIFT_049",2023-03-15 19:00:00,0,0,0,3
"ADRIFT_049",2023-03-15 20:00:00,0,0,0,3
"ADRIFT_049",2023-03-15 21:00:00,0,0,0,3
"ADRIFT_049",2023-03-15 22:00:00,0,0,0,3
"ADRIFT_049",2023-03-15 23:00:00,0,0,0,3
"ADRIFT_049",2023-03-16 00:00:00,0,0,0,3
"ADRIFT_049",2023-03-16 01:00:00,0,0,0,3
"ADRIFT_049",2023-03-16 02:00:00,0,0,0,3
"ADRIFT_049",2023-03-16 03:00:00,0,0,0,3
"ADRIFT_049",2023-03-16 04:00:00,0,0,0,3
"ADRIFT_049",2023-03-16 05:00:00,0,0,0,3
"ADRIFT_049",2023-03-16 06:00:00,0,0,0,3
"ADRIFT_049",2023-03-16 07:00:00,0,0,0,3
"ADRIFT_049",2023-03-16 08:00:00,0,0,0,3
"ADRIFT_049",2023-03-16 09:00:00,0,0,0,3
"ADRIFT_049",2023-03-16 10:00:00,0,0,0,3
"ADRIFT_049",2023-03-16 11:00:00,0,0,0,3
"ADRIFT_049",2023-03-16 12:00:00,0,0,0,3
"ADRIFT_049",2023-03-16 13:00:00,0,0,0,3
"ADRIFT_049",2023-03-16 14:00:00,0,0,0,3
"ADRIFT_049",2023-03-16 15:00:00,0,0,0,3
"ADRIFT_049",2023-03-16 16:00:00,0,0,0,3
"ADRIFT_049",2023-03-16 17:00:00,0,0,0,3
"ADRIFT_050",2023-03-11 21:00:00,0,0,0,3
"ADRIFT_050",2023-03-11 22:00:00,0,0,0,3
"ADRIFT_050",2023-03-11 23:00:00,0,0,0,3
"ADRIFT_050",2023-03-12 00:00:00,0,0,0,3
"ADRIFT_050",2023-03-12 01:00:00,0,0,0,3
"ADRIFT_050",2023-03-12 02:00:00,0,0,0,3
"ADRIFT_050",2023-03-12 03:00:00,0,0,0,3
"ADRIFT_050",2023-03-12 04:00:00,0,0,0,3
"ADRIFT_050",2023-03-12 05:00:00,0,0,0,3
"ADRIFT_050",2023-03-12 06:00:00,0,0,0,3
"ADRIFT_050",2023-03-12 07:00:00,0,0,0,3
"ADRIFT_050",2023-03-12 08:00:00,0,0,0,3
"ADRIFT_050",2023-03-12 09:00:00,0,0,0,3
"ADRIFT_050",2023-03-12 10:00:00,0,0,0,3
"ADRIFT_050",2023-03-12 11:00:00,0,0,0,3
"ADRIFT_050",2023-03-12 12:00:00,0,0,0,3
"ADRIFT_050",2023-03-12 13:00:00,0,0,0,3
"ADRIFT_050",2023-03-12 14:00:00,0,0,0,3
"ADRIFT_050",2023-03-12 15:00:00,0,0,0,3
"ADRIFT_050",2023-03-12 16:00:00,0,0,0,3
"ADRIFT_050",2023-03-12 17:00:00,0,0,0,3
"ADRIFT_050",2023-03-12 18:00:00,0,0,0,3
"ADRIFT_050",2023-03-12 19:00:00,0,0,0,3
"ADRIFT_050",2023-03-12 20:00:00,0,0,0,3
"ADRIFT_050",2023-03-12 21:00:00,0,0,0,3
"ADRIFT_050",2023-03-12 22:00:00,0,0,0,3
"ADRIFT_050",2023-03-12 23:00:00,0,0,0,3
"ADRIFT_050",2023-03-13 00:00:00,0,0,0,3
"ADRIFT_050",2023-03-13 01:00:00,0,0,0,3
"ADRIFT_050",2023-03-13 02:00:00,0,0,0,3
"ADRIFT_050",2023-03-13 03:00:00,0,0,0,3
"ADRIFT_050",2023-03-13 04:00:00,0,0,0,3
"ADRIFT_050",2023-03-13 05:00:00,0,0,0,3
"ADRIFT_050",2023-03-13 06:00:00,0,0,0,3
"ADRIFT_050",2023-03-13 07:00:00,0,0,0,3
"ADRIFT_050",2023-03-13 08:00:00,0,0,0,3
"ADRIFT_050",2023-03-13 09:00:00,0,0,0,3
"ADRIFT_050",2023-03-13 10:00:00,0,0,0,3
"ADRIFT_050",2023-03-13 11:00:00,0,0,0,3
"ADRIFT_050",2023-03-13 12:00:00,0,0,0,3
"ADRIFT_050",2023-03-13 13:00:00,0,0,0,3
"ADRIFT_050",2023-03-13 14:00:00,0,0,0,3
"ADRIFT_050",2023-03-13 15:00:00,0,0,0,3
"ADRIFT_050",2023-03-13 16:00:00,0,0,0,3
"ADRIFT_050",2023-03-13 17:00:00,0,0,0,3
"ADRIFT_050",2023-03-13 18:00:00,0,0,0,3
"ADRIFT_050",2023-03-13 19:00:00,0,0,0,3
"ADRIFT_050",2023-03-13 20:00:00,0,0,0,3
"ADRIFT_050",2023-03-13 21:00:00,0,0,0,3
"ADRIFT_050",2023-03-13 22:00:00,0,0,0,3
"ADRIFT_050",2023-03-13 23:00:00,0,0,0,3
"ADRIFT_050",2023-03-14 00:00:00,0,0,0,3
"ADRIFT_050",2023-03-14 01:00:00,0,0,0,3
"ADRIFT_050",2023-03-14 02:00:00,0,0,0,3
"ADRIFT_050",2023-03-14 03:00:00,0,0,0,3
"ADRIFT_050",2023-03-14 04:00:00,0,0,0,3
"ADRIFT_050",2023-03-14 05:00:00,0,0,0,3
"ADRIFT_050",2023-03-14 06:00:00,0,0,0,3
"ADRIFT_050",2023-03-14 07:00:00,0,0,0,3
"ADRIFT_050",2023-03-14 08:00:00,0,0,0,3
"ADRIFT_050",2023-03-14 09:00:00,0,0,0,3
"ADRIFT_050",2023-03-14 10:00:00,0,0,0,3
"ADRIFT_050",2023-03-14 11:00:00,0,0,0,3
"ADRIFT_050",2023-03-14 12:00:00,0,0,0,3
"ADRIFT_050",2023-03-14 13:00:00,0,0,0,3
"ADRIFT_050",2023-03-14 14:00:00,0,0,0,3
"ADRIFT_050",2023-03-14 15:00:00,0,0,0,3
"ADRIFT_050",2023-03-14 16:00:00,0,0,0,3
"ADRIFT_050",2023-03-14 17:00:00,0,0,0,3
"ADRIFT_050",2023-03-14 18:00:00,0,0,0,3
"ADRIFT_050",2023-03-14 19:00:00,0,0,0,3
"ADRIFT_050",2023-03-14 20:00:00,0,0,0,3
"ADRIFT_050",2023-03-14 21:00:00,0,0,0,3
"ADRIFT_050",2023-03-14 22:00:00,0,0,0,3
"ADRIFT_050",2023-03-14 23:00:00,0,0,0,3
"ADRIFT_050",2023-03-15 00:00:00,0,0,0,3
"ADRIFT_050",2023-03-15 01:00:00,0,0,0,3
"ADRIFT_050",2023-03-15 02:00:00,0,0,0,3
"ADRIFT_050",2023-03-15 03:00:00,0,0,0,3
"ADRIFT_050",2023-03-15 04:00:00,0,0,0,3
"ADRIFT_050",2023-03-15 05:00:00,0,0,0,3
"ADRIFT_050",2023-03-15 06:00:00,0,0,0,3
"ADRIFT_050",2023-03-15 07:00:00,0,0,0,3
"ADRIFT_050",2023-03-15 08:00:00,0,0,0,3
"ADRIFT_050",2023-03-15 09:00:00,0,0,0,3
"ADRIFT_050",2023-03-15 10:00:00,0,0,0,3
"ADRIFT_050",2023-03-15 11:00:00,0,0,0,3
"ADRIFT_050",2023-03-15 12:00:00,0,0,0,3
"ADRIFT_050",2023-03-15 13:00:00,0,0,0,3
"ADRIFT_050",2023-03-15 14:00:00,0,0,0,3
"ADRIFT_050",2023-03-15 15:00:00,0,0,0,3
"ADRIFT_050",2023-03-15 16:00:00,0,0,0,3
"ADRIFT_050",2023-03-15 17:00:00,0,0,0,3
"ADRIFT_050",2023-03-15 18:00:00,0,0,0,3
"ADRIFT_050",2023-03-15 19:00:00,0,0,0,3
"ADRIFT_050",2023-03-15 20:00:00,0,0,0,3
"ADRIFT_050",2023-03-15 21:00:00,0,0,0,3
"ADRIFT_050",2023-03-15 22:00:00,0,0,0,3
"ADRIFT_050",2023-03-15 23:00:00,0,0,0,3
"ADRIFT_050",2023-03-16 00:00:00,0,0,0,3
"ADRIFT_050",2023-03-16 01:00:00,0,0,0,3
"ADRIFT_050",2023-03-16 02:00:00,0,0,0,3
"ADRIFT_050",2023-03-16 03:00:00,0,0,0,3
"ADRIFT_050",2023-03-16 04:00:00,0,0,0,3
"ADRIFT_050",2023-03-16 05:00:00,0,0,0,3
"ADRIFT_050",2023-03-16 06:00:00,0,0,0,3
"ADRIFT_050",2023-03-16 07:00:00,0,0,0,3
"ADRIFT_050",2023-03-16 08:00:00,0,0,0,3
"ADRIFT_050",2023-03-16 09:00:00,0,0,0,3
"ADRIFT_050",2023-03-16 10:00:00,0,0,0,3
"ADRIFT_050",2023-03-16 11:00:00,0,0,0,3
"ADRIFT_050",2023-03-16 12:00:00,0,0,0,3
"ADRIFT_050",2023-03-16 13:00:00,0,0,0,3
"ADRIFT_050",2023-03-16 14:00:00,0,0,0,3
"ADRIFT_050",2023-03-16 15:00:00,0,0,0,3
"ADRIFT_050",2023-03-16 16:00:00,0,0,0,3
"ADRIFT_050",2023-03-16 17:00:00,0,0,0,3
"ADRIFT_050",2023-03-16 18:00:00,0,0,0,3
"ADRIFT_050",2023-03-16 19:00:00,0,0,0,3
"ADRIFT_051",2023-03-11 21:00:00,0,0,0,3
"ADRIFT_051",2023-03-11 22:00:00,0,0,0,3
"ADRIFT_051",2023-03-11 23:00:00,0,0,0,3
"ADRIFT_051",2023-03-12 00:00:00,0,0,0,3
"ADRIFT_051",2023-03-12 01:00:00,0,0,0,3
"ADRIFT_051",2023-03-12 02:00:00,0,0,0,3
"ADRIFT_051",2023-03-12 03:00:00,0,0,0,3
"ADRIFT_051",2023-03-12 04:00:00,0,0,0,3
"ADRIFT_051",2023-03-12 05:00:00,0,0,0,3
"ADRIFT_051",2023-03-12 06:00:00,0,0,0,3
"ADRIFT_051",2023-03-12 07:00:00,0,0,0,3
"ADRIFT_051",2023-03-12 08:00:00,0,0,0,3
"ADRIFT_051",2023-03-12 09:00:00,0,0,0,3
"ADRIFT_051",2023-03-12 10:00:00,0,0,0,3
"ADRIFT_051",2023-03-12 11:00:00,0,0,0,3
"ADRIFT_051",2023-03-12 12:00:00,0,0,0,3
"ADRIFT_051",2023-03-12 13:00:00,0,0,0,3
"ADRIFT_051",2023-03-12 14:00:00,0,0,0,3
"ADRIFT_051",2023-03-12 15:00:00,0,0,0,3
"ADRIFT_051",2023-03-12 16:00:00,0,0,0,3
"ADRIFT_051",2023-03-12 17:00:00,0,0,0,3
"ADRIFT_051",2023-03-12 18:00:00,0,0,0,3
"ADRIFT_051",2023-03-12 19:00:00,0,0,0,3
"ADRIFT_051",2023-03-12 20:00:00,0,0,0,3
"ADRIFT_051",2023-03-12 21:00:00,0,0,0,3
"ADRIFT_051",2023-03-12 22:00:00,0,0,0,3
"ADRIFT_051",2023-03-12 23:00:00,0,0,0,3
"ADRIFT_051",2023-03-13 00:00:00,0,0,0,3
"ADRIFT_051",2023-03-13 01:00:00,0,0,0,3
"ADRIFT_051",2023-03-13 02:00:00,0,0,0,3
"ADRIFT_051",2023-03-13 03:00:00,0,0,0,3
"ADRIFT_051",2023-03-13 04:00:00,0,0,0,3
"ADRIFT_051",2023-03-13 05:00:00,0,0,0,3
"ADRIFT_051",2023-03-13 06:00:00,0,0,0,3
"ADRIFT_051",2023-03-13 07:00:00,0,0,0,3
"ADRIFT_051",2023-03-13 08:00:00,0,0,0,3
"ADRIFT_051",2023-03-13 09:00:00,0,0,0,3
"ADRIFT_051",2023-03-13 10:00:00,0,0,0,3
"ADRIFT_051",2023-03-13 11:00:00,0,0,0,3
"ADRIFT_051",2023-03-13 12:00:00,0,0,0,3
"ADRIFT_051",2023-03-13 13:00:00,0,0,0,3
"ADRIFT_051",2023-03-13 14:00:00,0,0,0,3
"ADRIFT_051",2023-03-13 15:00:00,0,0,0,3
"ADRIFT_051",2023-03-13 16:00:00,0,0,0,3
"ADRIFT_051",2023-03-13 17:00:00,0,0,0,3
"ADRIFT_051",2023-03-13 18:00:00,0,0,0,3
"ADRIFT_051",2023-03-13 19:00:00,0,0,0,3
"ADRIFT_051",2023-03-13 20:00:00,0,0,0,3
"ADRIFT_051",2023-03-13 21:00:00,0,0,0,3
"ADRIFT_051",2023-03-13 22:00:00,0,0,0,3
"ADRIFT_051",2023-03-13 23:00:00,0,0,0,3
"ADRIFT_051",2023-03-14 00:00:00,0,0,0,3
"ADRIFT_051",2023-03-14 01:00:00,0,0,0,3
"ADRIFT_051",2023-03-14 02:00:00,0,0,0,3
"ADRIFT_051",2023-03-14 03:00:00,0,0,0,3
"ADRIFT_051",2023-03-14 04:00:00,0,0,0,3
"ADRIFT_051",2023-03-14 05:00:00,0,0,0,3
"ADRIFT_051",2023-03-14 06:00:00,0,0,0,3
"ADRIFT_051",2023-03-14 07:00:00,0,0,0,3
"ADRIFT_051",2023-03-14 08:00:00,0,0,0,3
"ADRIFT_051",2023-03-14 09:00:00,0,0,0,3
"ADRIFT_051",2023-03-14 10:00:00,0,0,0,3
"ADRIFT_051",2023-03-14 11:00:00,0,0,0,3
"ADRIFT_051",2023-03-14 12:00:00,0,0,0,3
"ADRIFT_051",2023-03-14 13:00:00,0,0,0,3
"ADRIFT_051",2023-03-14 14:00:00,0,0,0,3
"ADRIFT_051",2023-03-14 15:00:00,0,0,0,3
"ADRIFT_051",2023-03-14 16:00:00,0,0,0,3
"ADRIFT_051",2023-03-14 17:00:00,0,0,0,3
"ADRIFT_051",2023-03-14 18:00:00,0,0,0,3
"ADRIFT_051",2023-03-14 19:00:00,0,0,0,3
"ADRIFT_051",2023-03-14 20:00:00,0,0,0,3
"ADRIFT_051",2023-03-14 21:00:00,0,0,0,3
"ADRIFT_051",2023-03-14 22:00:00,0,0,0,3
"ADRIFT_051",2023-03-14 23:00:00,0,0,0,3
"ADRIFT_051",2023-03-15 00:00:00,0,0,0,3
"ADRIFT_051",2023-03-15 01:00:00,0,0,0,3
"ADRIFT_051",2023-03-15 02:00:00,0,0,0,3
"ADRIFT_051",2023-03-15 03:00:00,0,0,0,3
"ADRIFT_051",2023-03-15 04:00:00,0,0,0,3
"ADRIFT_051",2023-03-15 05:00:00,0,0,0,3
"ADRIFT_051",2023-03-15 06:00:00,0,0,0,3
"ADRIFT_051",2023-03-15 07:00:00,0,0,0,3
"ADRIFT_051",2023-03-15 08:00:00,0,0,0,3
"ADRIFT_051",2023-03-15 09:00:00,0,0,0,3
"ADRIFT_051",2023-03-15 10:00:00,0,0,0,3
"ADRIFT_051",2023-03-15 11:00:00,0,0,0,3
"ADRIFT_051",2023-03-15 12:00:00,0,0,0,3
"ADRIFT_051",2023-03-15 13:00:00,0,0,0,3
"ADRIFT_051",2023-03-15 14:00:00,0,0,0,3
"ADRIFT_051",2023-03-15 15:00:00,0,0,0,3
"ADRIFT_051",2023-03-15 16:00:00,0,0,0,3
"ADRIFT_051",2023-03-15 17:00:00,0,0,0,3
"ADRIFT_051",2023-03-15 18:00:00,0,0,0,3
"ADRIFT_051",2023-03-15 19:00:00,0,0,0,3
"ADRIFT_051",2023-03-15 20:00:00,0,0,0,3
"ADRIFT_051",2023-03-15 21:00:00,0,0,0,3
"ADRIFT_051",2023-03-15 22:00:00,0,0,0,3
"ADRIFT_051",2023-03-15 23:00:00,0,0,0,3
"ADRIFT_051",2023-03-16 00:00:00,0,0,0,3
"ADRIFT_051",2023-03-16 01:00:00,0,0,0,3
"ADRIFT_051",2023-03-16 02:00:00,0,0,0,3
"ADRIFT_051",2023-03-16 03:00:00,0,0,0,3
"ADRIFT_051",2023-03-16 04:00:00,0,0,0,3
"ADRIFT_051",2023-03-16 05:00:00,0,0,0,3
"ADRIFT_051",2023-03-16 06:00:00,0,0,0,3
"ADRIFT_051",2023-03-16 07:00:00,0,0,0,3
"ADRIFT_051",2023-03-16 08:00:00,0,0,0,3
"ADRIFT_051",2023-03-16 09:00:00,0,0,0,3
"ADRIFT_051",2023-03-16 10:00:00,0,0,0,3
"ADRIFT_051",2023-03-16 11:00:00,0,0,0,3
"ADRIFT_051",2023-03-16 12:00:00,0,0,0,3
"ADRIFT_051",2023-03-16 13:00:00,0,0,0,3
"ADRIFT_051",2023-03-16 14:00:00,0,0,0,3
"ADRIFT_051",2023-03-16 15:00:00,0,0,0,3
"ADRIFT_051",2023-03-16 16:00:00,0,0,0,3
"ADRIFT_051",2023-03-16 17:00:00,0,0,0,3
"ADRIFT_051",2023-03-16 18:00:00,0,0,0,3
"ADRIFT_051",2023-03-16 19:00:00,0,0,0,3
"ADRIFT_052",2023-03-11 21:00:00,0,0,0,3
"ADRIFT_052",2023-03-11 22:00:00,0,0,0,3
"ADRIFT_052",2023-03-11 23:00:00,0,0,0,3
"ADRIFT_052",2023-03-12 00:00:00,0,0,0,3
"ADRIFT_052",2023-03-12 01:00:00,0,0,0,3
"ADRIFT_052",2023-03-12 02:00:00,0,0,0,3
"ADRIFT_052",2023-03-12 03:00:00,0,0,0,3
"ADRIFT_052",2023-03-12 04:00:00,0,0,0,3
"ADRIFT_052",2023-03-12 05:00:00,0,0,0,3
"ADRIFT_052",2023-03-12 06:00:00,0,0,0,3
"ADRIFT_052",2023-03-12 07:00:00,0,0,0,3
"ADRIFT_052",2023-03-12 08:00:00,0,0,0,3
"ADRIFT_052",2023-03-12 09:00:00,0,0,0,3
"ADRIFT_052",2023-03-12 10:00:00,0,0,0,3
"ADRIFT_052",2023-03-12 11:00:00,0,0,0,3
"ADRIFT_052",2023-03-12 12:00:00,0,0,0,3
"ADRIFT_052",2023-03-12 13:00:00,0,0,0,3
"ADRIFT_052",2023-03-12 14:00:00,0,0,0,3
"ADRIFT_052",2023-03-12 15:00:00,0,0,0,3
"ADRIFT_052",2023-03-12 16:00:00,0,0,0,3
"ADRIFT_052",2023-03-12 17:00:00,0,0,0,3
"ADRIFT_052",2023-03-12 18:00:00,0,0,0,3
"ADRIFT_052",2023-03-12 19:00:00,0,0,0,3
"ADRIFT_052",2023-03-12 20:00:00,0,0,0,3
"ADRIFT_052",2023-03-12 21:00:00,0,0,0,3
"ADRIFT_052",2023-03-12 22:00:00,0,0,0,3
"ADRIFT_052",2023-03-12 23:00:00,0,0,0,3
"ADRIFT_052",2023-03-13 00:00:00,0,0,0,3
"ADRIFT_052",2023-03-13 01:00:00,0,0,0,3
"ADRIFT_052",2023-03-13 02:00:00,0,0,0,3
"ADRIFT_052",2023-03-13 03:00:00,0,0,0,3
"ADRIFT_052",2023-03-13 04:00:00,0,0,0,3
"ADRIFT_052",2023-03-13 05:00:00,0,0,0,3
"ADRIFT_052",2023-03-13 06:00:00,0,0,0,3
"ADRIFT_052",2023-03-13 07:00:00,0,0,0,3
"ADRIFT_052",2023-03-13 08:00:00,0,0,0,3
"ADRIFT_052",2023-03-13 09:00:00,0,0,0,3
"ADRIFT_052",2023-03-13 10:00:00,0,0,0,3
"ADRIFT_052",2023-03-13 11:00:00,0,0,0,3
"ADRIFT_052",2023-03-13 12:00:00,0,0,0,3
"ADRIFT_052",2023-03-13 13:00:00,0,0,0,3
"ADRIFT_052",2023-03-13 14:00:00,0,0,0,3
"ADRIFT_052",2023-03-13 15:00:00,0,0,0,3
"ADRIFT_052",2023-03-13 16:00:00,0,0,0,3
"ADRIFT_052",2023-03-13 17:00:00,0,0,0,3
"ADRIFT_052",2023-03-13 18:00:00,0,0,0,3
"ADRIFT_052",2023-03-13 19:00:00,0,0,0,3
"ADRIFT_052",2023-03-13 20:00:00,0,0,0,3
"ADRIFT_052",2023-03-13 21:00:00,0,0,0,3
"ADRIFT_052",2023-03-13 22:00:00,0,0,0,3
"ADRIFT_052",2023-03-13 23:00:00,0,0,0,3
"ADRIFT_052",2023-03-14 00:00:00,0,0,0,3
"ADRIFT_052",2023-03-14 01:00:00,0,0,0,3
"ADRIFT_052",2023-03-14 02:00:00,0,0,0,3
"ADRIFT_052",2023-03-14 03:00:00,0,0,0,3
"ADRIFT_052",2023-03-14 04:00:00,0,0,0,3
"ADRIFT_052",2023-03-14 05:00:00,0,0,0,3
"ADRIFT_052",2023-03-14 06:00:00,0,0,0,3
"ADRIFT_052",2023-03-14 07:00:00,0,0,0,3
"ADRIFT_052",2023-03-14 08:00:00,0,0,0,3
"ADRIFT_052",2023-03-14 09:00:00,0,0,0,3
"ADRIFT_052",2023-03-14 10:00:00,0,0,0,3
"ADRIFT_052",2023-03-14 11:00:00,0,0,0,3
"ADRIFT_052",2023-03-14 12:00:00,0,0,0,3
"ADRIFT_052",2023-03-14 13:00:00,0,0,0,3
"ADRIFT_052",2023-03-14 14:00:00,0,0,0,3
"ADRIFT_052",2023-03-14 15:00:00,0,0,0,3
"ADRIFT_052",2023-03-14 16:00:00,0,0,0,3
"ADRIFT_052",2023-03-14 17:00:00,0,0,0,3
"ADRIFT_052",2023-03-14 18:00:00,0,0,0,3
"ADRIFT_052",2023-03-14 19:00:00,0,0,0,3
"ADRIFT_052",2023-03-14 20:00:00,0,0,0,3
"ADRIFT_052",2023-03-14 21:00:00,0,0,0,3
"ADRIFT_052",2023-03-14 22:00:00,0,0,0,3
"ADRIFT_052",2023-03-14 23:00:00,0,0,0,3
"ADRIFT_052",2023-03-15 00:00:00,0,0,0,3
"ADRIFT_052",2023-03-15 01:00:00,0,0,0,3
"ADRIFT_052",2023-03-15 02:00:00,0,0,0,3
"ADRIFT_052",2023-03-15 03:00:00,0,0,0,3
"ADRIFT_052",2023-03-15 04:00:00,0,0,0,3
"ADRIFT_052",2023-03-15 05:00:00,0,0,0,3
"ADRIFT_052",2023-03-15 06:00:00,0,0,0,3
"ADRIFT_052",2023-03-15 07:00:00,0,0,0,3
"ADRIFT_052",2023-03-15 08:00:00,0,0,0,3
"ADRIFT_052",2023-03-15 09:00:00,0,0,0,3
"ADRIFT_052",2023-03-15 10:00:00,0,0,0,3
"ADRIFT_052",2023-03-15 11:00:00,0,0,0,3
"ADRIFT_052",2023-03-15 12:00:00,0,0,0,3
"ADRIFT_052",2023-03-15 13:00:00,0,0,0,3
"ADRIFT_052",2023-03-15 14:00:00,0,0,0,3
"ADRIFT_052",2023-03-15 15:00:00,0,0,0,3
"ADRIFT_052",2023-03-15 16:00:00,0,0,0,3
"ADRIFT_052",2023-03-15 17:00:00,0,0,0,3
"ADRIFT_052",2023-03-15 18:00:00,0,0,0,3
"ADRIFT_052",2023-03-15 19:00:00,0,0,0,3
"ADRIFT_052",2023-03-15 20:00:00,0,0,0,3
"ADRIFT_052",2023-03-15 21:00:00,0,0,0,3
"ADRIFT_052",2023-03-15 22:00:00,0,0,0,3
"ADRIFT_052",2023-03-15 23:00:00,0,0,0,3
"ADRIFT_052",2023-03-16 00:00:00,0,0,0,3
"ADRIFT_052",2023-03-16 01:00:00,0,0,0,3
"ADRIFT_052",2023-03-16 02:00:00,0,0,0,3
"ADRIFT_052",2023-03-16 03:00:00,0,0,0,3
"ADRIFT_052",2023-03-16 04:00:00,0,0,0,3
"ADRIFT_052",2023-03-16 05:00:00,0,0,0,3
"ADRIFT_052",2023-03-16 06:00:00,0,0,0,3
"ADRIFT_052",2023-03-16 07:00:00,0,0,0,3
"ADRIFT_052",2023-03-16 08:00:00,0,0,0,3
"ADRIFT_052",2023-03-16 09:00:00,0,0,0,3
"ADRIFT_052",2023-03-16 10:00:00,0,0,0,3
"ADRIFT_052",2023-03-16 11:00:00,0,0,0,3
"ADRIFT_052",2023-03-16 12:00:00,0,0,0,3
"ADRIFT_052",2023-03-16 13:00:00,0,0,0,3
"ADRIFT_052",2023-03-16 14:00:00,0,0,0,3
"ADRIFT_052",2023-03-16 15:00:00,0,0,0,3
"ADRIFT_052",2023-03-16 16:00:00,0,0,0,3
"ADRIFT_052",2023-03-16 17:00:00,0,0,0,3
"ADRIFT_052",2023-03-16 18:00:00,0,0,0,3
"ADRIFT_052",2023-03-16 19:00:00,0,0,0,3
"ADRIFT_052",2023-03-16 20:00:00,0,0,0,3
"ADRIFT_052",2023-03-16 21:00:00,0,0,0,3
"ADRIFT_052",2023-03-16 22:00:00,0,0,0,3
"ADRIFT_053",2023-03-11 22:00:00,0,0,0,3
"ADRIFT_053",2023-03-11 23:00:00,0,0,0,3
"ADRIFT_053",2023-03-12 00:00:00,0,0,0,3
"ADRIFT_053",2023-03-12 01:00:00,0,0,0,3
"ADRIFT_053",2023-03-12 02:00:00,0,0,0,3
"ADRIFT_053",2023-03-12 03:00:00,0,0,0,3
"ADRIFT_053",2023-03-12 04:00:00,0,0,0,3
"ADRIFT_053",2023-03-12 05:00:00,0,0,0,3
"ADRIFT_053",2023-03-12 06:00:00,0,0,0,3
"ADRIFT_053",2023-03-12 07:00:00,0,0,0,3
"ADRIFT_053",2023-03-12 08:00:00,0,0,0,3
"ADRIFT_053",2023-03-12 09:00:00,0,0,0,3
"ADRIFT_053",2023-03-12 10:00:00,0,0,0,3
"ADRIFT_053",2023-03-12 11:00:00,0,0,0,3
"ADRIFT_053",2023-03-12 12:00:00,0,0,0,3
"ADRIFT_053",2023-03-12 13:00:00,0,0,0,3
"ADRIFT_053",2023-03-12 14:00:00,0,0,0,3
"ADRIFT_053",2023-03-12 15:00:00,0,0,0,3
"ADRIFT_053",2023-03-12 16:00:00,0,0,0,3
"ADRIFT_053",2023-03-12 17:00:00,0,0,0,3
"ADRIFT_053",2023-03-12 18:00:00,0,0,0,3
"ADRIFT_053",2023-03-12 19:00:00,0,0,0,3
"ADRIFT_053",2023-03-12 20:00:00,0,0,0,3
"ADRIFT_053",2023-03-12 21:00:00,0,0,0,3
"ADRIFT_053",2023-03-12 22:00:00,0,0,0,3
"ADRIFT_053",2023-03-12 23:00:00,0,0,0,3
"ADRIFT_053",2023-03-13 00:00:00,0,0,0,3
"ADRIFT_053",2023-03-13 01:00:00,0,0,0,3
"ADRIFT_053",2023-03-13 02:00:00,0,0,0,3
"ADRIFT_053",2023-03-13 03:00:00,0,0,0,3
"ADRIFT_053",2023-03-13 04:00:00,0,0,0,3
"ADRIFT_053",2023-03-13 05:00:00,0,0,0,3
"ADRIFT_053",2023-03-13 06:00:00,0,0,0,3
"ADRIFT_053",2023-03-13 07:00:00,0,0,0,3
"ADRIFT_053",2023-03-13 08:00:00,0,0,0,3
"ADRIFT_053",2023-03-13 09:00:00,0,0,0,3
"ADRIFT_053",2023-03-13 10:00:00,0,0,0,3
"ADRIFT_053",2023-03-13 11:00:00,0,0,0,3
"ADRIFT_053",2023-03-13 12:00:00,0,0,0,3
"ADRIFT_053",2023-03-13 13:00:00,0,0,0,3
"ADRIFT_053",2023-03-13 14:00:00,0,0,0,3
"ADRIFT_053",2023-03-13 15:00:00,0,0,0,3
"ADRIFT_053",2023-03-13 16:00:00,0,0,0,3
"ADRIFT_053",2023-03-13 17:00:00,0,0,0,3
"ADRIFT_053",2023-03-13 18:00:00,0,0,0,3
"ADRIFT_053",2023-03-13 19:00:00,0,0,0,3
"ADRIFT_053",2023-03-13 20:00:00,0,0,0,3
"ADRIFT_053",2023-03-13 21:00:00,0,0,0,3
"ADRIFT_053",2023-03-13 22:00:00,0,0,0,3
"ADRIFT_053",2023-03-13 23:00:00,0,0,0,3
"ADRIFT_053",2023-03-14 00:00:00,0,0,0,3
"ADRIFT_053",2023-03-14 01:00:00,0,0,0,3
"ADRIFT_053",2023-03-14 02:00:00,0,0,0,3
"ADRIFT_053",2023-03-14 03:00:00,0,0,0,3
"ADRIFT_053",2023-03-14 04:00:00,0,0,0,3
"ADRIFT_053",2023-03-14 05:00:00,0,0,0,3
"ADRIFT_053",2023-03-14 06:00:00,0,0,0,3
"ADRIFT_053",2023-03-14 07:00:00,0,0,0,3
"ADRIFT_053",2023-03-14 08:00:00,0,0,0,3
"ADRIFT_053",2023-03-14 09:00:00,0,0,0,3
"ADRIFT_053",2023-03-14 10:00:00,0,0,0,3
"ADRIFT_053",2023-03-14 11:00:00,0,0,0,3
"ADRIFT_053",2023-03-14 12:00:00,0,0,0,3
"ADRIFT_053",2023-03-14 13:00:00,0,0,0,3
"ADRIFT_053",2023-03-14 14:00:00,0,0,0,3
"ADRIFT_053",2023-03-14 15:00:00,0,0,0,3
"ADRIFT_053",2023-03-14 16:00:00,0,0,0,3
"ADRIFT_053",2023-03-14 17:00:00,0,0,0,3
"ADRIFT_053",2023-03-14 18:00:00,0,0,0,3
"ADRIFT_053",2023-03-14 19:00:00,0,0,0,3
"ADRIFT_053",2023-03-14 20:00:00,0,0,0,3
"ADRIFT_053",2023-03-14 21:00:00,0,0,0,3
"ADRIFT_053",2023-03-14 22:00:00,0,0,0,3
"ADRIFT_053",2023-03-14 23:00:00,0,0,0,3
"ADRIFT_053",2023-03-15 00:00:00,0,0,0,3
"ADRIFT_053",2023-03-15 01:00:00,0,0,0,3
"ADRIFT_053",2023-03-15 02:00:00,0,0,0,3
"ADRIFT_053",2023-03-15 03:00:00,0,0,0,3
"ADRIFT_053",2023-03-15 04:00:00,0,0,0,3
"ADRIFT_053",2023-03-15 05:00:00,0,0,0,3
"ADRIFT_053",2023-03-15 06:00:00,0,0,0,3
"ADRIFT_053",2023-03-15 07:00:00,0,0,0,3
"ADRIFT_053",2023-03-15 08:00:00,0,0,0,3
"ADRIFT_053",2023-03-15 09:00:00,0,0,0,3
"ADRIFT_053",2023-03-15 10:00:00,0,0,0,3
"ADRIFT_053",2023-03-15 11:00:00,0,0,0,3
"ADRIFT_053",2023-03-15 12:00:00,0,0,0,3
"ADRIFT_053",2023-03-15 13:00:00,0,0,0,3
"ADRIFT_053",2023-03-15 14:00:00,0,0,0,3
"ADRIFT_053",2023-03-15 15:00:00,0,0,0,3
"ADRIFT_053",2023-03-15 16:00:00,0,0,0,3
"ADRIFT_053",2023-03-15 17:00:00,0,0,0,3
"ADRIFT_053",2023-03-15 18:00:00,0,0,0,3
"ADRIFT_053",2023-03-15 19:00:00,0,0,0,3
"ADRIFT_053",2023-03-15 20:00:00,0,0,0,3
"ADRIFT_053",2023-03-15 21:00:00,0,0,0,3
"ADRIFT_053",2023-03-15 22:00:00,0,0,0,3
"ADRIFT_053",2023-03-15 23:00:00,0,0,0,3
"ADRIFT_053",2023-03-16 00:00:00,0,0,0,3
"ADRIFT_053",2023-03-16 01:00:00,0,0,0,3
"ADRIFT_053",2023-03-16 02:00:00,0,0,0,3
"ADRIFT_053",2023-03-16 03:00:00,0,0,0,3
"ADRIFT_053",2023-03-16 04:00:00,0,0,0,3
"ADRIFT_053",2023-03-16 05:00:00,0,0,0,3
"ADRIFT_053",2023-03-16 06:00:00,0,0,0,3
"ADRIFT_053",2023-03-16 07:00:00,0,0,0,3
"ADRIFT_053",2023-03-16 08:00:00,0,0,0,3
"ADRIFT_053",2023-03-16 09:00:00,0,0,0,3
"ADRIFT_053",2023-03-16 10:00:00,0,0,0,3
"ADRIFT_053",2023-03-16 11:00:00,0,0,0,3
"ADRIFT_053",2023-03-16 12:00:00,0,0,0,3
"ADRIFT_053",2023-03-16 13:00:00,0,0,0,3
"ADRIFT_053",2023-03-16 14:00:00,0,0,0,3
"ADRIFT_053",2023-03-16 15:00:00,0,0,0,3
"ADRIFT_053",2023-03-16 16:00:00,0,0,0,3
"ADRIFT_053",2023-03-16 17:00:00,0,0,0,3
"ADRIFT_053",2023-03-16 18:00:00,0,0,0,3
"ADRIFT_053",2023-03-16 19:00:00,0,0,0,3
"ADRIFT_053",2023-03-16 20:00:00,0,0,0,3
"ADRIFT_053",2023-03-16 21:00:00,0,0,0,3
"ADRIFT_053",2023-03-16 22:00:00,0,0,0,3
"ADRIFT_053",2023-03-16 23:00:00,0,0,0,3
